"mutation"	"stat"	"pvalue"	"n_cells"	"perc_Lymphoid"	"perc_Myeloid"	"odds_ratio"	"p_adjust"
"2788C>A"	24.7984191886274	6.36496478550977e-07	380	0.126955256456893	0.0514950166112957	2.4653891737758	0.000246324137199228
"7374A>G"	22.8322259136213	1.76776583709284e-06	5	0	0.00830564784053156	0	0.000684125378954927
"3209A>G"	21.8015736144636	3.02352054422938e-06	7	0.000363768643142961	0.00996677740863787	0.0364981205286771	0.00117010245061677
"3244G>A"	14.0188421559237	0.000180987890606431	26	0.00509276100400145	0.0199335548172757	0.25548684370074	0.0700423136646886
"11167A>G"	13.056422329352	0.00030224622102532	5	0.000363768643142961	0.00664451827242525	0.0547471807930156	0.116969287536799
"2784A>C"	9.85426137463878	0.00169438814368686	109	0.037104401600582	0.0116279069767442	3.19097853765005	0.655728211606816
"7919G>A"	9.65651296937938	0.00188681430756684	6	0.000727537286285922	0.00664451827242525	0.109494361586031	0.730197137028369
"6890A>G"	8.62943879320659	0.00330773460138613	9	0.00145507457257184	0.00830564784053156	0.17519097853765	1
"6190G>A"	7.29057449030523	0.00693173066224561	7	0.00109130592942888	0.00664451827242525	0.164241542379047	1
"15106G>A"	7.29057449030523	0.00693173066224561	7	0.00109130592942888	0.00664451827242525	0.164241542379047	1
"9553G>A"	5.99479230744131	0.0143481702365158	5	0.000727537286285922	0.00498338870431894	0.145992482114708	1
"14710G>A"	5.99479230744131	0.0143481702365158	5	0.000727537286285922	0.00498338870431894	0.145992482114708	1
"7242T>C"	5.99479230744131	0.0143481702365158	5	0.000727537286285922	0.00498338870431894	0.145992482114708	1
"11228T>C"	5.99479230744131	0.0143481702365158	5	0.000727537286285922	0.00498338870431894	0.145992482114708	1
"3714A>G"	5.99479230744131	0.0143481702365158	5	0.000727537286285922	0.00498338870431894	0.145992482114708	1
"1082A>G"	5.88623606150608	0.0152596822337696	14	0.00291014914514369	0.00996677740863787	0.291984964229417	1
"15639T>C"	5.64042941839096	0.0175509079237964	11	0.00218261185885777	0.00830564784053156	0.262786467806475	1
"3242G>A"	5.57086781179263	0.0182617078823791	8	0.00145507457257184	0.00664451827242525	0.218988723172063	1
"15699G>A"	5.57086781179263	0.0182617078823791	8	0.00145507457257184	0.00664451827242525	0.218988723172063	1
"2407T>C"	5.57086781179263	0.0182617078823791	8	0.00145507457257184	0.00664451827242525	0.218988723172063	1
"1949G>A"	4.32720022623751	0.0375078933510424	27	0.0065478355765733	0.0149501661129568	0.437977446344125	1
"1201A>G"	4.2819823336544	0.0385184004016032	9	0.00181884321571481	0.00664451827242525	0.273735903965078	1
"5894A>G"	4.2819823336544	0.0385184004016032	9	0.00181884321571481	0.00664451827242525	0.273735903965078	1
"14410G>A"	4.17815085884447	0.0409483552498958	6	0.00109130592942888	0.00498338870431894	0.218988723172063	1
"3695T>C"	4.17815085884447	0.0409483552498958	6	0.00109130592942888	0.00498338870431894	0.218988723172063	1
"4057T>C"	4.17815085884447	0.0409483552498958	6	0.00109130592942888	0.00498338870431894	0.218988723172063	1
"15968T>C"	4.17815085884447	0.0409483552498958	6	0.00109130592942888	0.00498338870431894	0.218988723172063	1
"66G>T"	3.81917817377782	0.0506690848592497	28	0.00691160421971626	0.0149501661129568	0.462309526696577	1
"12101T>C"	3.29467169577823	0.0695050012860065	10	0.00218261185885777	0.00664451827242525	0.328483084758094	1
"16519T>C"	2.99280115321738	0.083635379581838	14	0.00327391778828665	0.00830564784053156	0.394179701709713	1
"2345G>A"	2.94311803075304	0.0862441040680626	7	0.00145507457257184	0.00498338870431894	0.291984964229417	1
"2814G>A"	2.94311803075304	0.0862441040680626	7	0.00145507457257184	0.00498338870431894	0.291984964229417	1
"12406G>A"	2.94311803075304	0.0862441040680626	7	0.00145507457257184	0.00498338870431894	0.291984964229417	1
"8672T>C"	2.94311803075304	0.0862441040680626	7	0.00145507457257184	0.00498338870431894	0.291984964229417	1
"16390G>A"	2.84685340123681	0.0915529647542109	13	0.00472899236085849	0	Inf	1
"102A>G"	2.40887595489269	0.120648969117652	11	0.00400145507457257	0	Inf	1
"174C>T"	2.18988723172063	0.138919485969721	10	0.00363768643142961	0	Inf	1
"5814T>C"	2.18988723172063	0.138919485969721	10	0.00363768643142961	0	Inf	1
"1260A>G"	2.18988723172063	0.138919485969721	10	0.00363768643142961	0	Inf	1
"1252G>A"	2.07159059047748	0.150064942669806	8	0.00181884321571481	0.00498338870431894	0.364981205286771	1
"7108G>A"	2.07159059047748	0.150064942669806	8	0.00181884321571481	0.00498338870431894	0.364981205286771	1
"12868G>A"	2.04199010049763	0.15300935232886	27	0.00909421607857403	0.00332225913621262	2.73735903965078	1
"2203G>A"	1.97089850854856	0.160352522646388	9	0.00327391778828665	0	Inf	1
"16266C>T"	1.97089850854856	0.160352522646388	9	0.00327391778828665	0	Inf	1
"7368T>C"	1.97089850854856	0.160352522646388	9	0.00327391778828665	0	Inf	1
"7579T>C"	1.97089850854856	0.160352522646388	9	0.00327391778828665	0	Inf	1
"5226G>A"	1.7519097853765	0.185636825775845	8	0.00291014914514369	0	Inf	1
"5361T>C"	1.7519097853765	0.185636825775845	8	0.00291014914514369	0	Inf	1
"9185T>C"	1.7519097853765	0.185636825775845	8	0.00291014914514369	0	Inf	1
"1073G>A"	1.64733584788911	0.199321924639401	5	0.00109130592942888	0.00332225913621262	0.328483084758094	1
"1273G>A"	1.64733584788911	0.199321924639401	5	0.00109130592942888	0.00332225913621262	0.328483084758094	1
"1428G>A"	1.64733584788911	0.199321924639401	5	0.00109130592942888	0.00332225913621262	0.328483084758094	1
"1748G>A"	1.64733584788911	0.199321924639401	5	0.00109130592942888	0.00332225913621262	0.328483084758094	1
"3358G>A"	1.64733584788911	0.199321924639401	5	0.00109130592942888	0.00332225913621262	0.328483084758094	1
"3688G>A"	1.64733584788911	0.199321924639401	5	0.00109130592942888	0.00332225913621262	0.328483084758094	1
"6075G>A"	1.64733584788911	0.199321924639401	5	0.00109130592942888	0.00332225913621262	0.328483084758094	1
"7793G>A"	1.64733584788911	0.199321924639401	5	0.00109130592942888	0.00332225913621262	0.328483084758094	1
"7814G>A"	1.64733584788911	0.199321924639401	5	0.00109130592942888	0.00332225913621262	0.328483084758094	1
"9921G>A"	1.64733584788911	0.199321924639401	5	0.00109130592942888	0.00332225913621262	0.328483084758094	1
"12125G>A"	1.64733584788911	0.199321924639401	5	0.00109130592942888	0.00332225913621262	0.328483084758094	1
"14698G>A"	1.64733584788911	0.199321924639401	5	0.00109130592942888	0.00332225913621262	0.328483084758094	1
"15687G>A"	1.64733584788911	0.199321924639401	5	0.00109130592942888	0.00332225913621262	0.328483084758094	1
"10291C>T"	1.64733584788911	0.199321924639401	5	0.00109130592942888	0.00332225913621262	0.328483084758094	1
"10311C>T"	1.64733584788911	0.199321924639401	5	0.00109130592942888	0.00332225913621262	0.328483084758094	1
"1G>C"	1.64733584788911	0.199321924639401	5	0.00109130592942888	0.00332225913621262	0.328483084758094	1
"1344T>C"	1.64733584788911	0.199321924639401	5	0.00109130592942888	0.00332225913621262	0.328483084758094	1
"2233T>C"	1.64733584788911	0.199321924639401	5	0.00109130592942888	0.00332225913621262	0.328483084758094	1
"2991T>C"	1.64733584788911	0.199321924639401	5	0.00109130592942888	0.00332225913621262	0.328483084758094	1
"5162T>C"	1.64733584788911	0.199321924639401	5	0.00109130592942888	0.00332225913621262	0.328483084758094	1
"7635T>C"	1.64733584788911	0.199321924639401	5	0.00109130592942888	0.00332225913621262	0.328483084758094	1
"7692T>C"	1.64733584788911	0.199321924639401	5	0.00109130592942888	0.00332225913621262	0.328483084758094	1
"11437T>C"	1.64733584788911	0.199321924639401	5	0.00109130592942888	0.00332225913621262	0.328483084758094	1
"13265T>C"	1.64733584788911	0.199321924639401	5	0.00109130592942888	0.00332225913621262	0.328483084758094	1
"13585T>C"	1.64733584788911	0.199321924639401	5	0.00109130592942888	0.00332225913621262	0.328483084758094	1
"13674T>C"	1.64733584788911	0.199321924639401	5	0.00109130592942888	0.00332225913621262	0.328483084758094	1
"15458T>C"	1.64733584788911	0.199321924639401	5	0.00109130592942888	0.00332225913621262	0.328483084758094	1
"540A>G"	1.64733584788911	0.199321924639401	5	0.00109130592942888	0.00332225913621262	0.328483084758094	1
"1900A>G"	1.64733584788911	0.199321924639401	5	0.00109130592942888	0.00332225913621262	0.328483084758094	1
"1945A>G"	1.64733584788911	0.199321924639401	5	0.00109130592942888	0.00332225913621262	0.328483084758094	1
"4136A>G"	1.64733584788911	0.199321924639401	5	0.00109130592942888	0.00332225913621262	0.328483084758094	1
"5347A>G"	1.64733584788911	0.199321924639401	5	0.00109130592942888	0.00332225913621262	0.328483084758094	1
"12460T>C"	1.64733584788911	0.199321924639401	5	0.00109130592942888	0.00332225913621262	0.328483084758094	1
"1485G>A"	1.53292106220444	0.215674574251487	7	0.00254638050200073	0	Inf	1
"5650G>A"	1.53292106220444	0.215674574251487	7	0.00254638050200073	0	Inf	1
"10310G>A"	1.53292106220444	0.215674574251487	7	0.00254638050200073	0	Inf	1
"12009G>A"	1.53292106220444	0.215674574251487	7	0.00254638050200073	0	Inf	1
"12736G>A"	1.53292106220444	0.215674574251487	7	0.00254638050200073	0	Inf	1
"14606G>A"	1.53292106220444	0.215674574251487	7	0.00254638050200073	0	Inf	1
"3636C>T"	1.53292106220444	0.215674574251487	7	0.00254638050200073	0	Inf	1
"12385C>T"	1.53292106220444	0.215674574251487	7	0.00254638050200073	0	Inf	1
"879T>C"	1.53292106220444	0.215674574251487	7	0.00254638050200073	0	Inf	1
"1956T>C"	1.53292106220444	0.215674574251487	7	0.00254638050200073	0	Inf	1
"4954T>C"	1.53292106220444	0.215674574251487	7	0.00254638050200073	0	Inf	1
"5658T>C"	1.53292106220444	0.215674574251487	7	0.00254638050200073	0	Inf	1
"16293A>G"	1.53292106220444	0.215674574251487	7	0.00254638050200073	0	Inf	1
"2168T>C"	1.44624688465578	0.229131127627195	13	0.00327391778828665	0.00664451827242525	0.492724627137141	1
"6364G>A"	1.4424000754125	0.229751350642658	9	0.00218261185885777	0.00498338870431894	0.437977446344125	1
"6952T>C"	1.4424000754125	0.229751350642658	9	0.00218261185885777	0.00498338870431894	0.437977446344125	1
"13369T>C"	1.4424000754125	0.229751350642658	9	0.00218261185885777	0.00498338870431894	0.437977446344125	1
"2833A>G"	1.4424000754125	0.229751350642658	9	0.00218261185885777	0.00498338870431894	0.437977446344125	1
"10844A>G"	1.4424000754125	0.229751350642658	9	0.00218261185885777	0.00498338870431894	0.437977446344125	1
"2623A>G"	1.41579780840781	0.234096303389183	26	0.00691160421971626	0.0116279069767442	0.594397962895598	1
"3779G>A"	1.31393233903238	0.251683916328024	6	0.00218261185885777	0	Inf	1
"6182G>A"	1.31393233903238	0.251683916328024	6	0.00218261185885777	0	Inf	1
"8060G>A"	1.31393233903238	0.251683916328024	6	0.00218261185885777	0	Inf	1
"8854G>A"	1.31393233903238	0.251683916328024	6	0.00218261185885777	0	Inf	1
"9868G>A"	1.31393233903238	0.251683916328024	6	0.00218261185885777	0	Inf	1
"11196G>A"	1.31393233903238	0.251683916328024	6	0.00218261185885777	0	Inf	1
"11225G>A"	1.31393233903238	0.251683916328024	6	0.00218261185885777	0	Inf	1
"11900G>A"	1.31393233903238	0.251683916328024	6	0.00218261185885777	0	Inf	1
"13711G>A"	1.31393233903238	0.251683916328024	6	0.00218261185885777	0	Inf	1
"13958G>A"	1.31393233903238	0.251683916328024	6	0.00218261185885777	0	Inf	1
"4167C>T"	1.31393233903238	0.251683916328024	6	0.00218261185885777	0	Inf	1
"12386C>T"	1.31393233903238	0.251683916328024	6	0.00218261185885777	0	Inf	1
"15476C>T"	1.31393233903238	0.251683916328024	6	0.00218261185885777	0	Inf	1
"16261C>T"	1.31393233903238	0.251683916328024	6	0.00218261185885777	0	Inf	1
"16301C>T"	1.31393233903238	0.251683916328024	6	0.00218261185885777	0	Inf	1
"3509T>C"	1.31393233903238	0.251683916328024	6	0.00218261185885777	0	Inf	1
"4047T>C"	1.31393233903238	0.251683916328024	6	0.00218261185885777	0	Inf	1
"7275T>C"	1.31393233903238	0.251683916328024	6	0.00218261185885777	0	Inf	1
"7797T>C"	1.31393233903238	0.251683916328024	6	0.00218261185885777	0	Inf	1
"7950T>C"	1.31393233903238	0.251683916328024	6	0.00218261185885777	0	Inf	1
"9507T>C"	1.31393233903238	0.251683916328024	6	0.00218261185885777	0	Inf	1
"10274T>C"	1.31393233903238	0.251683916328024	6	0.00218261185885777	0	Inf	1
"11109T>C"	1.31393233903238	0.251683916328024	6	0.00218261185885777	0	Inf	1
"12354T>C"	1.31393233903238	0.251683916328024	6	0.00218261185885777	0	Inf	1
"14982T>C"	1.31393233903238	0.251683916328024	6	0.00218261185885777	0	Inf	1
"15818T>C"	1.31393233903238	0.251683916328024	6	0.00218261185885777	0	Inf	1
"11711G>A"	1.11253852848592	0.291530793786315	14	0.00472899236085849	0.00166112956810631	2.84685340123681	1
"15854T>C"	1.11253852848592	0.291530793786315	14	0.00472899236085849	0.00166112956810631	2.84685340123681	1
"909G>A"	1.09494361586031	0.295378453331925	5	0.00181884321571481	0	Inf	1
"934G>A"	1.09494361586031	0.295378453331925	5	0.00181884321571481	0	Inf	1
"1169G>A"	1.09494361586031	0.295378453331925	5	0.00181884321571481	0	Inf	1
"1347G>A"	1.09494361586031	0.295378453331925	5	0.00181884321571481	0	Inf	1
"1393G>A"	1.09494361586031	0.295378453331925	5	0.00181884321571481	0	Inf	1
"1412G>A"	1.09494361586031	0.295378453331925	5	0.00181884321571481	0	Inf	1
"1671G>A"	1.09494361586031	0.295378453331925	5	0.00181884321571481	0	Inf	1
"2008G>A"	1.09494361586031	0.295378453331925	5	0.00181884321571481	0	Inf	1
"2015G>A"	1.09494361586031	0.295378453331925	5	0.00181884321571481	0	Inf	1
"2828G>A"	1.09494361586031	0.295378453331925	5	0.00181884321571481	0	Inf	1
"3496G>A"	1.09494361586031	0.295378453331925	5	0.00181884321571481	0	Inf	1
"6517G>A"	1.09494361586031	0.295378453331925	5	0.00181884321571481	0	Inf	1
"7206G>A"	1.09494361586031	0.295378453331925	5	0.00181884321571481	0	Inf	1
"8078G>A"	1.09494361586031	0.295378453331925	5	0.00181884321571481	0	Inf	1
"8873G>A"	1.09494361586031	0.295378453331925	5	0.00181884321571481	0	Inf	1
"9918G>A"	1.09494361586031	0.295378453331925	5	0.00181884321571481	0	Inf	1
"10994G>A"	1.09494361586031	0.295378453331925	5	0.00181884321571481	0	Inf	1
"11149G>A"	1.09494361586031	0.295378453331925	5	0.00181884321571481	0	Inf	1
"11195G>A"	1.09494361586031	0.295378453331925	5	0.00181884321571481	0	Inf	1
"12769G>A"	1.09494361586031	0.295378453331925	5	0.00181884321571481	0	Inf	1
"13804G>A"	1.09494361586031	0.295378453331925	5	0.00181884321571481	0	Inf	1
"14859G>A"	1.09494361586031	0.295378453331925	5	0.00181884321571481	0	Inf	1
"456C>T"	1.09494361586031	0.295378453331925	5	0.00181884321571481	0	Inf	1
"9611C>T"	1.09494361586031	0.295378453331925	5	0.00181884321571481	0	Inf	1
"15760C>T"	1.09494361586031	0.295378453331925	5	0.00181884321571481	0	Inf	1
"16111C>T"	1.09494361586031	0.295378453331925	5	0.00181884321571481	0	Inf	1
"16292C>T"	1.09494361586031	0.295378453331925	5	0.00181884321571481	0	Inf	1
"2075T>C"	1.09494361586031	0.295378453331925	5	0.00181884321571481	0	Inf	1
"2342T>C"	1.09494361586031	0.295378453331925	5	0.00181884321571481	0	Inf	1
"3092T>C"	1.09494361586031	0.295378453331925	5	0.00181884321571481	0	Inf	1
"7192T>C"	1.09494361586031	0.295378453331925	5	0.00181884321571481	0	Inf	1
"7312T>C"	1.09494361586031	0.295378453331925	5	0.00181884321571481	0	Inf	1
"7684T>C"	1.09494361586031	0.295378453331925	5	0.00181884321571481	0	Inf	1
"8972T>C"	1.09494361586031	0.295378453331925	5	0.00181884321571481	0	Inf	1
"10150T>C"	1.09494361586031	0.295378453331925	5	0.00181884321571481	0	Inf	1
"10321T>C"	1.09494361586031	0.295378453331925	5	0.00181884321571481	0	Inf	1
"10649T>C"	1.09494361586031	0.295378453331925	5	0.00181884321571481	0	Inf	1
"11213T>C"	1.09494361586031	0.295378453331925	5	0.00181884321571481	0	Inf	1
"11678T>C"	1.09494361586031	0.295378453331925	5	0.00181884321571481	0	Inf	1
"11809T>C"	1.09494361586031	0.295378453331925	5	0.00181884321571481	0	Inf	1
"11921T>C"	1.09494361586031	0.295378453331925	5	0.00181884321571481	0	Inf	1
"12782T>C"	1.09494361586031	0.295378453331925	5	0.00181884321571481	0	Inf	1
"13520T>C"	1.09494361586031	0.295378453331925	5	0.00181884321571481	0	Inf	1
"14261T>C"	1.09494361586031	0.295378453331925	5	0.00181884321571481	0	Inf	1
"15117T>C"	1.09494361586031	0.295378453331925	5	0.00181884321571481	0	Inf	1
"15440T>C"	1.09494361586031	0.295378453331925	5	0.00181884321571481	0	Inf	1
"12280A>G"	1.09494361586031	0.295378453331925	5	0.00181884321571481	0	Inf	1
"15557G>A"	1.09494361586031	0.295378453331925	5	0.00181884321571481	0	Inf	1
"13709C>T"	1.09494361586031	0.295378453331925	5	0.00181884321571481	0	Inf	1
"2007T>C"	1.09494361586031	0.295378453331925	5	0.00181884321571481	0	Inf	1
"11781T>C"	1.09494361586031	0.295378453331925	5	0.00181884321571481	0	Inf	1
"3647A>G"	1.09494361586031	0.295378453331925	5	0.00181884321571481	0	Inf	1
"709G>A"	1.06871394577102	0.301236115741683	14	0.00363768643142961	0.00664451827242525	0.547471807930156	1
"13034T>G"	1.06871394577102	0.301236115741683	14	0.00363768643142961	0.00664451827242525	0.547471807930156	1
"16362T>C"	0.982845407994934	0.321497328968835	10	0.00254638050200073	0.00498338870431894	0.510973687401479	1
"12770A>G"	0.982845407994934	0.321497328968835	10	0.00254638050200073	0.00498338870431894	0.510973687401479	1
"1418G>A"	0.961600050275002	0.326784075259559	6	0.00145507457257184	0.00332225913621262	0.437977446344125	1
"1681G>A"	0.961600050275002	0.326784075259559	6	0.00145507457257184	0.00332225913621262	0.437977446344125	1
"2645G>A"	0.961600050275002	0.326784075259559	6	0.00145507457257184	0.00332225913621262	0.437977446344125	1
"2916G>A"	0.961600050275002	0.326784075259559	6	0.00145507457257184	0.00332225913621262	0.437977446344125	1
"3316G>A"	0.961600050275002	0.326784075259559	6	0.00145507457257184	0.00332225913621262	0.437977446344125	1
"3693G>A"	0.961600050275002	0.326784075259559	6	0.00145507457257184	0.00332225913621262	0.437977446344125	1
"9305G>A"	0.961600050275002	0.326784075259559	6	0.00145507457257184	0.00332225913621262	0.437977446344125	1
"10172G>A"	0.961600050275002	0.326784075259559	6	0.00145507457257184	0.00332225913621262	0.437977446344125	1
"11440G>A"	0.961600050275002	0.326784075259559	6	0.00145507457257184	0.00332225913621262	0.437977446344125	1
"11778G>A"	0.961600050275002	0.326784075259559	6	0.00145507457257184	0.00332225913621262	0.437977446344125	1
"13531G>A"	0.961600050275002	0.326784075259559	6	0.00145507457257184	0.00332225913621262	0.437977446344125	1
"543C>T"	0.961600050275002	0.326784075259559	6	0.00145507457257184	0.00332225913621262	0.437977446344125	1
"6079C>T"	0.961600050275002	0.326784075259559	6	0.00145507457257184	0.00332225913621262	0.437977446344125	1
"875T>C"	0.961600050275002	0.326784075259559	6	0.00145507457257184	0.00332225913621262	0.437977446344125	1
"1189T>C"	0.961600050275002	0.326784075259559	6	0.00145507457257184	0.00332225913621262	0.437977446344125	1
"4800T>C"	0.961600050275002	0.326784075259559	6	0.00145507457257184	0.00332225913621262	0.437977446344125	1
"10348T>C"	0.961600050275002	0.326784075259559	6	0.00145507457257184	0.00332225913621262	0.437977446344125	1
"14234T>C"	0.961600050275002	0.326784075259559	6	0.00145507457257184	0.00332225913621262	0.437977446344125	1
"15062T>C"	0.961600050275002	0.326784075259559	6	0.00145507457257184	0.00332225913621262	0.437977446344125	1
"15115T>C"	0.961600050275002	0.326784075259559	6	0.00145507457257184	0.00332225913621262	0.437977446344125	1
"1171A>G"	0.961600050275002	0.326784075259559	6	0.00145507457257184	0.00332225913621262	0.437977446344125	1
"1214A>G"	0.961600050275002	0.326784075259559	6	0.00145507457257184	0.00332225913621262	0.437977446344125	1
"4248T>C"	0.77337484563648	0.379175037451472	68	0.0192797380865769	0.0249169435215947	0.773760155207954	1
"204T>C"	0.755340057211985	0.384790785715837	12	0.00400145507457257	0.00166112956810631	2.40887595489269	1
"13322T>C"	0.755340057211985	0.384790785715837	12	0.00400145507457257	0.00166112956810631	2.40887595489269	1
"13759G>A"	0.646662266139116	0.421308540214741	11	0.00291014914514369	0.00498338870431894	0.583969928458834	1
"14382T>C"	0.646662266139116	0.421308540214741	11	0.00291014914514369	0.00498338870431894	0.583969928458834	1
"14971T>C"	0.646662266139116	0.421308540214741	11	0.00291014914514369	0.00498338870431894	0.583969928458834	1
"10197G>A"	0.587756136357319	0.443288120939821	11	0.00363768643142961	0.00166112956810631	2.18988723172063	1
"902G>A"	0.534356972885511	0.464780835428882	7	0.00181884321571481	0.00332225913621262	0.547471807930156	1
"10290G>A"	0.534356972885511	0.464780835428882	7	0.00181884321571481	0.00332225913621262	0.547471807930156	1
"11642G>A"	0.534356972885511	0.464780835428882	7	0.00181884321571481	0.00332225913621262	0.547471807930156	1
"12764G>A"	0.534356972885511	0.464780835428882	7	0.00181884321571481	0.00332225913621262	0.547471807930156	1
"6813T>C"	0.534356972885511	0.464780835428882	7	0.00181884321571481	0.00332225913621262	0.547471807930156	1
"7354T>C"	0.534356972885511	0.464780835428882	7	0.00181884321571481	0.00332225913621262	0.547471807930156	1
"8741T>C"	0.534356972885511	0.464780835428882	7	0.00181884321571481	0.00332225913621262	0.547471807930156	1
"14707T>C"	0.534356972885511	0.464780835428882	7	0.00181884321571481	0.00332225913621262	0.547471807930156	1
"15412T>C"	0.534356972885511	0.464780835428882	7	0.00181884321571481	0.00332225913621262	0.547471807930156	1
"13676A>G"	0.534356972885511	0.464780835428882	7	0.00181884321571481	0.00332225913621262	0.547471807930156	1
"14065A>G"	0.534356972885511	0.464780835428882	7	0.00181884321571481	0.00332225913621262	0.547471807930156	1
"9777G>A"	0.430453175966132	0.511766665464591	10	0.00327391778828665	0.00166112956810631	1.97089850854856	1
"11150G>A"	0.430453175966132	0.511766665464591	10	0.00327391778828665	0.00166112956810631	1.97089850854856	1
"8010T>C"	0.430453175966132	0.511766665464591	10	0.00327391778828665	0.00166112956810631	1.97089850854856	1
"6955G>A"	0.403007768454612	0.525539993911467	12	0.00327391778828665	0.00498338870431894	0.656966169516188	1
"8839G>A"	0.403007768454612	0.525539993911467	12	0.00327391778828665	0.00498338870431894	0.656966169516188	1
"5389T>C"	0.403007768454612	0.525539993911467	12	0.00327391778828665	0.00498338870431894	0.656966169516188	1
"2333G>A"	0.324223154538829	0.569080668780818	16	0.00509276100400145	0.00332225913621262	1.53292106220444	1
"7389T>C"	0.321456583513218	0.570733603750722	35	0.0109130592942888	0.00830564784053156	1.31393233903238	1
"7775G>A"	0.296314266373186	0.586202324470491	53	0.0163695889414332	0.0132890365448505	1.23181156784285	1
"1464G>A"	0.286858162859584	0.592240963943763	9	0.00291014914514369	0.00166112956810631	1.7519097853765	1
"2585G>A"	0.286858162859584	0.592240963943763	9	0.00291014914514369	0.00166112956810631	1.7519097853765	1
"2646G>A"	0.286858162859584	0.592240963943763	9	0.00291014914514369	0.00166112956810631	1.7519097853765	1
"319T>C"	0.286858162859584	0.592240963943763	9	0.00291014914514369	0.00166112956810631	1.7519097853765	1
"4813T>C"	0.286858162859584	0.592240963943763	9	0.00291014914514369	0.00166112956810631	1.7519097853765	1
"1888G>A"	0.268671845636408	0.60422410399541	8	0.00218261185885777	0.00332225913621262	0.656966169516188	1
"2542G>A"	0.268671845636408	0.60422410399541	8	0.00218261185885777	0.00332225913621262	0.656966169516188	1
"10203G>A"	0.268671845636408	0.60422410399541	8	0.00218261185885777	0.00332225913621262	0.656966169516188	1
"12457G>A"	0.268671845636408	0.60422410399541	8	0.00218261185885777	0.00332225913621262	0.656966169516188	1
"15048G>A"	0.268671845636408	0.60422410399541	8	0.00218261185885777	0.00332225913621262	0.656966169516188	1
"15200G>A"	0.268671845636408	0.60422410399541	8	0.00218261185885777	0.00332225913621262	0.656966169516188	1
"13827A>G"	0.268671845636408	0.60422410399541	8	0.00218261185885777	0.00332225913621262	0.656966169516188	1
"14488T>C"	0.177220864697071	0.673772544637076	33	0.0101855220080029	0.00830564784053156	1.22633684976355	1
"1664G>A"	0.162111577269415	0.687219833254045	8	0.00254638050200073	0.00166112956810631	1.53292106220444	1
"2009G>A"	0.162111577269415	0.687219833254045	8	0.00254638050200073	0.00166112956810631	1.53292106220444	1
"5997G>A"	0.162111577269415	0.687219833254045	8	0.00254638050200073	0.00166112956810631	1.53292106220444	1
"6722G>A"	0.162111577269415	0.687219833254045	8	0.00254638050200073	0.00166112956810631	1.53292106220444	1
"9932G>A"	0.162111577269415	0.687219833254045	8	0.00254638050200073	0.00166112956810631	1.53292106220444	1
"11888G>A"	0.162111577269415	0.687219833254045	8	0.00254638050200073	0.00166112956810631	1.53292106220444	1
"13579G>A"	0.162111577269415	0.687219833254045	8	0.00254638050200073	0.00166112956810631	1.53292106220444	1
"14945G>A"	0.162111577269415	0.687219833254045	8	0.00254638050200073	0.00166112956810631	1.53292106220444	1
"6493T>C"	0.162111577269415	0.687219833254045	8	0.00254638050200073	0.00166112956810631	1.53292106220444	1
"6497T>C"	0.162111577269415	0.687219833254045	8	0.00254638050200073	0.00166112956810631	1.53292106220444	1
"7823T>C"	0.162111577269415	0.687219833254045	8	0.00254638050200073	0.00166112956810631	1.53292106220444	1
"9235T>C"	0.162111577269415	0.687219833254045	8	0.00254638050200073	0.00166112956810631	1.53292106220444	1
"13710A>G"	0.162111577269415	0.687219833254045	8	0.00254638050200073	0.00166112956810631	1.53292106220444	1
"6109T>C"	0.134002443050871	0.714317736595026	24	0.00691160421971626	0.00830564784053156	0.832157148053838	1
"4972G>A"	0.128582633405287	0.71990616321781	14	0.00436522371771553	0.00332225913621262	1.31393233903238	1
"10597T>C"	0.113974439166989	0.735663884065818	14	0.00400145507457257	0.00498338870431894	0.802958651630896	1
"8118G>A"	0.110692018480897	0.739357653986947	9	0.00254638050200073	0.00332225913621262	0.766460531102219	1
"14831G>A"	0.110692018480897	0.739357653986947	9	0.00254638050200073	0.00332225913621262	0.766460531102219	1
"15024G>A"	0.110692018480897	0.739357653986947	9	0.00254638050200073	0.00332225913621262	0.766460531102219	1
"13879T>C"	0.110692018480897	0.739357653986947	9	0.00254638050200073	0.00332225913621262	0.766460531102219	1
"14547T>C"	0.110692018480897	0.739357653986947	9	0.00254638050200073	0.00332225913621262	0.766460531102219	1
"9180A>G"	0.110692018480897	0.739357653986947	9	0.00254638050200073	0.00332225913621262	0.766460531102219	1
"3715G>A"	0.0642913167026435	0.799837569577707	7	0.00218261185885777	0.00166112956810631	1.31393233903238	1
"7161G>A"	0.0642913167026435	0.799837569577707	7	0.00218261185885777	0.00166112956810631	1.31393233903238	1
"7293G>A"	0.0642913167026435	0.799837569577707	7	0.00218261185885777	0.00166112956810631	1.31393233903238	1
"7589G>A"	0.0642913167026435	0.799837569577707	7	0.00218261185885777	0.00166112956810631	1.31393233903238	1
"11391G>A"	0.0642913167026435	0.799837569577707	7	0.00218261185885777	0.00166112956810631	1.31393233903238	1
"11690G>A"	0.0642913167026435	0.799837569577707	7	0.00218261185885777	0.00166112956810631	1.31393233903238	1
"13063G>A"	0.0642913167026435	0.799837569577707	7	0.00218261185885777	0.00166112956810631	1.31393233903238	1
"16291C>T"	0.0642913167026435	0.799837569577707	7	0.00218261185885777	0.00166112956810631	1.31393233903238	1
"2680T>C"	0.0642913167026435	0.799837569577707	7	0.00218261185885777	0.00166112956810631	1.31393233903238	1
"2778T>C"	0.0642913167026435	0.799837569577707	7	0.00218261185885777	0.00166112956810631	1.31393233903238	1
"3181T>C"	0.0642913167026435	0.799837569577707	7	0.00218261185885777	0.00166112956810631	1.31393233903238	1
"4204T>C"	0.0642913167026435	0.799837569577707	7	0.00218261185885777	0.00166112956810631	1.31393233903238	1
"4525T>C"	0.0642913167026435	0.799837569577707	7	0.00218261185885777	0.00166112956810631	1.31393233903238	1
"4856T>C"	0.0642913167026435	0.799837569577707	7	0.00218261185885777	0.00166112956810631	1.31393233903238	1
"7605T>C"	0.0642913167026435	0.799837569577707	7	0.00218261185885777	0.00166112956810631	1.31393233903238	1
"8843T>C"	0.0642913167026435	0.799837569577707	7	0.00218261185885777	0.00166112956810631	1.31393233903238	1
"9523T>C"	0.0642913167026435	0.799837569577707	7	0.00218261185885777	0.00166112956810631	1.31393233903238	1
"13856T>C"	0.0642913167026435	0.799837569577707	7	0.00218261185885777	0.00166112956810631	1.31393233903238	1
"15666T>C"	0.0642913167026435	0.799837569577707	7	0.00218261185885777	0.00166112956810631	1.31393233903238	1
"103G>A"	0.0281059013909015	0.866860090912844	10	0.00291014914514369	0.00332225913621262	0.87595489268825	1
"1339G>A"	0.0140529506954507	0.905635729077181	5	0.00145507457257184	0.00166112956810631	0.87595489268825	1
"1415G>A"	0.0140529506954507	0.905635729077181	5	0.00145507457257184	0.00166112956810631	0.87595489268825	1
"2537G>A"	0.0140529506954507	0.905635729077181	5	0.00145507457257184	0.00166112956810631	0.87595489268825	1
"3436G>A"	0.0140529506954507	0.905635729077181	5	0.00145507457257184	0.00166112956810631	0.87595489268825	1
"3483G>A"	0.0140529506954507	0.905635729077181	5	0.00145507457257184	0.00166112956810631	0.87595489268825	1
"3550G>A"	0.0140529506954507	0.905635729077181	5	0.00145507457257184	0.00166112956810631	0.87595489268825	1
"3952G>A"	0.0140529506954507	0.905635729077181	5	0.00145507457257184	0.00166112956810631	0.87595489268825	1
"4360G>A"	0.0140529506954507	0.905635729077181	5	0.00145507457257184	0.00166112956810631	0.87595489268825	1
"4794G>A"	0.0140529506954507	0.905635729077181	5	0.00145507457257184	0.00166112956810631	0.87595489268825	1
"4831G>A"	0.0140529506954507	0.905635729077181	5	0.00145507457257184	0.00166112956810631	0.87595489268825	1
"5979G>A"	0.0140529506954507	0.905635729077181	5	0.00145507457257184	0.00166112956810631	0.87595489268825	1
"6018G>A"	0.0140529506954507	0.905635729077181	5	0.00145507457257184	0.00166112956810631	0.87595489268825	1
"6168G>A"	0.0140529506954507	0.905635729077181	5	0.00145507457257184	0.00166112956810631	0.87595489268825	1
"6573G>A"	0.0140529506954507	0.905635729077181	5	0.00145507457257184	0.00166112956810631	0.87595489268825	1
"9145G>A"	0.0140529506954507	0.905635729077181	5	0.00145507457257184	0.00166112956810631	0.87595489268825	1
"9387G>A"	0.0140529506954507	0.905635729077181	5	0.00145507457257184	0.00166112956810631	0.87595489268825	1
"9412G>A"	0.0140529506954507	0.905635729077181	5	0.00145507457257184	0.00166112956810631	0.87595489268825	1
"11222G>A"	0.0140529506954507	0.905635729077181	5	0.00145507457257184	0.00166112956810631	0.87595489268825	1
"12070G>A"	0.0140529506954507	0.905635729077181	5	0.00145507457257184	0.00166112956810631	0.87595489268825	1
"13145G>A"	0.0140529506954507	0.905635729077181	5	0.00145507457257184	0.00166112956810631	0.87595489268825	1
"13180G>A"	0.0140529506954507	0.905635729077181	5	0.00145507457257184	0.00166112956810631	0.87595489268825	1
"13915G>A"	0.0140529506954507	0.905635729077181	5	0.00145507457257184	0.00166112956810631	0.87595489268825	1
"14960G>A"	0.0140529506954507	0.905635729077181	5	0.00145507457257184	0.00166112956810631	0.87595489268825	1
"16535G>A"	0.0140529506954507	0.905635729077181	5	0.00145507457257184	0.00166112956810631	0.87595489268825	1
"3747C>T"	0.0140529506954507	0.905635729077181	5	0.00145507457257184	0.00166112956810631	0.87595489268825	1
"11716C>T"	0.0140529506954507	0.905635729077181	5	0.00145507457257184	0.00166112956810631	0.87595489268825	1
"16234C>T"	0.0140529506954507	0.905635729077181	5	0.00145507457257184	0.00166112956810631	0.87595489268825	1
"1766T>C"	0.0140529506954507	0.905635729077181	5	0.00145507457257184	0.00166112956810631	0.87595489268825	1
"3332T>C"	0.0140529506954507	0.905635729077181	5	0.00145507457257184	0.00166112956810631	0.87595489268825	1
"4112T>C"	0.0140529506954507	0.905635729077181	5	0.00145507457257184	0.00166112956810631	0.87595489268825	1
"4651T>C"	0.0140529506954507	0.905635729077181	5	0.00145507457257184	0.00166112956810631	0.87595489268825	1
"4679T>C"	0.0140529506954507	0.905635729077181	5	0.00145507457257184	0.00166112956810631	0.87595489268825	1
"4752T>C"	0.0140529506954507	0.905635729077181	5	0.00145507457257184	0.00166112956810631	0.87595489268825	1
"4933T>C"	0.0140529506954507	0.905635729077181	5	0.00145507457257184	0.00166112956810631	0.87595489268825	1
"5136T>C"	0.0140529506954507	0.905635729077181	5	0.00145507457257184	0.00166112956810631	0.87595489268825	1
"5609T>C"	0.0140529506954507	0.905635729077181	5	0.00145507457257184	0.00166112956810631	0.87595489268825	1
"6221T>C"	0.0140529506954507	0.905635729077181	5	0.00145507457257184	0.00166112956810631	0.87595489268825	1
"6512T>C"	0.0140529506954507	0.905635729077181	5	0.00145507457257184	0.00166112956810631	0.87595489268825	1
"6956T>C"	0.0140529506954507	0.905635729077181	5	0.00145507457257184	0.00166112956810631	0.87595489268825	1
"11139T>C"	0.0140529506954507	0.905635729077181	5	0.00145507457257184	0.00166112956810631	0.87595489268825	1
"11649T>C"	0.0140529506954507	0.905635729077181	5	0.00145507457257184	0.00166112956810631	0.87595489268825	1
"12938T>C"	0.0140529506954507	0.905635729077181	5	0.00145507457257184	0.00166112956810631	0.87595489268825	1
"13115T>C"	0.0140529506954507	0.905635729077181	5	0.00145507457257184	0.00166112956810631	0.87595489268825	1
"14123T>C"	0.0140529506954507	0.905635729077181	5	0.00145507457257184	0.00166112956810631	0.87595489268825	1
"14871T>C"	0.0140529506954507	0.905635729077181	5	0.00145507457257184	0.00166112956810631	0.87595489268825	1
"15306T>C"	0.0140529506954507	0.905635729077181	5	0.00145507457257184	0.00166112956810631	0.87595489268825	1
"15900T>C"	0.0140529506954507	0.905635729077181	5	0.00145507457257184	0.00166112956810631	0.87595489268825	1
"914A>G"	0.0140529506954507	0.905635729077181	5	0.00145507457257184	0.00166112956810631	0.87595489268825	1
"2220A>G"	0.0140529506954507	0.905635729077181	5	0.00145507457257184	0.00166112956810631	0.87595489268825	1
"8108A>G"	0.0140529506954507	0.905635729077181	5	0.00145507457257184	0.00166112956810631	0.87595489268825	1
"10534A>G"	0.0140529506954507	0.905635729077181	5	0.00145507457257184	0.00166112956810631	0.87595489268825	1
"11601A>G"	0.0140529506954507	0.905635729077181	5	0.00145507457257184	0.00166112956810631	0.87595489268825	1
"13906A>G"	0.0140529506954507	0.905635729077181	5	0.00145507457257184	0.00166112956810631	0.87595489268825	1
"14022A>G"	0.0140529506954507	0.905635729077181	5	0.00145507457257184	0.00166112956810631	0.87595489268825	1
"15226A>G"	0.0140529506954507	0.905635729077181	5	0.00145507457257184	0.00166112956810631	0.87595489268825	1
"15758A>G"	0.0140529506954507	0.905635729077181	5	0.00145507457257184	0.00166112956810631	0.87595489268825	1
"15093G>A"	0.0140529506954507	0.905635729077181	5	0.00145507457257184	0.00166112956810631	0.87595489268825	1
"6706T>C"	0.0140529506954507	0.905635729077181	5	0.00145507457257184	0.00166112956810631	0.87595489268825	1
"6456G>A"	0.0119459902355537	0.912966359879828	43	0.0127319025100036	0.0132890365448505	0.958075663877774	1
"810G>A"	0.00686054367096945	0.933987987620376	6	0.00181884321571481	0.00166112956810631	1.09494361586031	1
"1474G>A"	0.00686054367096945	0.933987987620376	6	0.00181884321571481	0.00166112956810631	1.09494361586031	1
"2690G>A"	0.00686054367096945	0.933987987620376	6	0.00181884321571481	0.00166112956810631	1.09494361586031	1
"4532G>A"	0.00686054367096945	0.933987987620376	6	0.00181884321571481	0.00166112956810631	1.09494361586031	1
"5585G>A"	0.00686054367096945	0.933987987620376	6	0.00181884321571481	0.00166112956810631	1.09494361586031	1
"5590G>A"	0.00686054367096945	0.933987987620376	6	0.00181884321571481	0.00166112956810631	1.09494361586031	1
"7054G>A"	0.00686054367096945	0.933987987620376	6	0.00181884321571481	0.00166112956810631	1.09494361586031	1
"9548G>A"	0.00686054367096945	0.933987987620376	6	0.00181884321571481	0.00166112956810631	1.09494361586031	1
"11163G>A"	0.00686054367096945	0.933987987620376	6	0.00181884321571481	0.00166112956810631	1.09494361586031	1
"11274G>A"	0.00686054367096945	0.933987987620376	6	0.00181884321571481	0.00166112956810631	1.09494361586031	1
"13069G>A"	0.00686054367096945	0.933987987620376	6	0.00181884321571481	0.00166112956810631	1.09494361586031	1
"13477G>A"	0.00686054367096945	0.933987987620376	6	0.00181884321571481	0.00166112956810631	1.09494361586031	1
"13597G>A"	0.00686054367096945	0.933987987620376	6	0.00181884321571481	0.00166112956810631	1.09494361586031	1
"14040G>A"	0.00686054367096945	0.933987987620376	6	0.00181884321571481	0.00166112956810631	1.09494361586031	1
"14560G>A"	0.00686054367096945	0.933987987620376	6	0.00181884321571481	0.00166112956810631	1.09494361586031	1
"14569G>A"	0.00686054367096945	0.933987987620376	6	0.00181884321571481	0.00166112956810631	1.09494361586031	1
"14607G>A"	0.00686054367096945	0.933987987620376	6	0.00181884321571481	0.00166112956810631	1.09494361586031	1
"14996G>A"	0.00686054367096945	0.933987987620376	6	0.00181884321571481	0.00166112956810631	1.09494361586031	1
"15173G>A"	0.00686054367096945	0.933987987620376	6	0.00181884321571481	0.00166112956810631	1.09494361586031	1
"16065G>A"	0.00686054367096945	0.933987987620376	6	0.00181884321571481	0.00166112956810631	1.09494361586031	1
"5366C>T"	0.00686054367096945	0.933987987620376	6	0.00181884321571481	0.00166112956810631	1.09494361586031	1
"9785C>T"	0.00686054367096945	0.933987987620376	6	0.00181884321571481	0.00166112956810631	1.09494361586031	1
"16256C>T"	0.00686054367096945	0.933987987620376	6	0.00181884321571481	0.00166112956810631	1.09494361586031	1
"16400C>T"	0.00686054367096945	0.933987987620376	6	0.00181884321571481	0.00166112956810631	1.09494361586031	1
"3350T>C"	0.00686054367096945	0.933987987620376	6	0.00181884321571481	0.00166112956810631	1.09494361586031	1
"5021T>C"	0.00686054367096945	0.933987987620376	6	0.00181884321571481	0.00166112956810631	1.09494361586031	1
"5338T>C"	0.00686054367096945	0.933987987620376	6	0.00181884321571481	0.00166112956810631	1.09494361586031	1
"7069T>C"	0.00686054367096945	0.933987987620376	6	0.00181884321571481	0.00166112956810631	1.09494361586031	1
"7258T>C"	0.00686054367096945	0.933987987620376	6	0.00181884321571481	0.00166112956810631	1.09494361586031	1
"11211T>C"	0.00686054367096945	0.933987987620376	6	0.00181884321571481	0.00166112956810631	1.09494361586031	1
"11841T>C"	0.00686054367096945	0.933987987620376	6	0.00181884321571481	0.00166112956810631	1.09494361586031	1
"13706T>C"	0.00686054367096945	0.933987987620376	6	0.00181884321571481	0.00166112956810631	1.09494361586031	1
"13955T>C"	0.00686054367096945	0.933987987620376	6	0.00181884321571481	0.00166112956810631	1.09494361586031	1
"4227A>G"	0.00686054367096945	0.933987987620376	6	0.00181884321571481	0.00166112956810631	1.09494361586031	1
"3438G>A"	0.00686054367096945	0.933987987620376	6	0.00181884321571481	0.00166112956810631	1.09494361586031	1
"3022G>A"	0.000351573439461633	0.985040308305535	11	0.00327391778828665	0.00332225913621262	0.985449254274282	1
"14985G>A"	0.000351573439461633	0.985040308305535	11	0.00327391778828665	0.00332225913621262	0.985449254274282	1
"7701T>C"	0.000351573439461633	0.985040308305535	11	0.00327391778828665	0.00332225913621262	0.985449254274282	1
