"mutation"	"stat"	"pvalue"	"n_cells"	"perc_HSC"	"perc_Other"	"odds_ratio"	"p_adjust"
"7374A>G"	18.2969137166512	1.89013139053996e-05	6	0.00784313725490196	0.000500876533934385	15.6588235294118	0.00897812410506481
"2537G>A"	14.6314428400962	0.000130715351321805	7	0.00784313725490196	0.000751314800901578	10.4392156862745	0.0620897918778572
"6300G>A"	11.9142705617183	0.000557055465531023	8	0.00784313725490196	0.00100175306786877	7.82941176470588	0.264601346127236
"5109A>G"	11.7951199893932	0.000593861841572743	5	0.00588235294117647	0.000500876533934385	11.7441176470588	0.282084374747053
"14847G>A"	8.93570292128873	0.00279649828965589	6	0.00588235294117647	0.000751314800901578	7.82941176470588	1
"11318T>G"	8.93570292128873	0.00279649828965589	6	0.00588235294117647	0.000751314800901578	7.82941176470588	1
"3209A>G"	6.64346266680977	0.0099520316062046	84	0.0333333333333333	0.0167793638868019	1.9865671641791	1
"204T>C"	6.298052530843	0.012087068980956	26	0.0137254901960784	0.00475832707237666	2.88452012383901	1
"15806G>A"	5.45722422327308	0.0194875804105077	8	0.00588235294117647	0.00125219133483596	4.69764705882353	1
"13635T>C"	5.45722422327308	0.0194875804105077	8	0.00588235294117647	0.00125219133483596	4.69764705882353	1
"6456G>A"	4.46838511512794	0.0345276101699638	24	0.0117647058823529	0.00450788880540947	2.60980392156863	1
"11225G>A"	4.34030582931895	0.0372202371475907	9	0.00588235294117647	0.00150262960180316	3.91470588235294	1
"15366A>G"	4.14592427504435	0.0417348650410089	14	0.00784313725490196	0.00250438266967193	3.13176470588235	1
"2300G>A"	4.09343174084059	0.0430501503722248	5	0.00392156862745098	0.000751314800901578	5.21960784313725	1
"3239G>A"	4.09343174084059	0.0430501503722248	5	0.00392156862745098	0.000751314800901578	5.21960784313725	1
"9380G>A"	4.09343174084059	0.0430501503722248	5	0.00392156862745098	0.000751314800901578	5.21960784313725	1
"10310G>A"	4.09343174084059	0.0430501503722248	5	0.00392156862745098	0.000751314800901578	5.21960784313725	1
"11561G>A"	4.09343174084059	0.0430501503722248	5	0.00392156862745098	0.000751314800901578	5.21960784313725	1
"733T>C"	4.09343174084059	0.0430501503722248	5	0.00392156862745098	0.000751314800901578	5.21960784313725	1
"1193T>C"	4.09343174084059	0.0430501503722248	5	0.00392156862745098	0.000751314800901578	5.21960784313725	1
"3949T>C"	4.09343174084059	0.0430501503722248	5	0.00392156862745098	0.000751314800901578	5.21960784313725	1
"9454T>C"	4.09343174084059	0.0430501503722248	5	0.00392156862745098	0.000751314800901578	5.21960784313725	1
"12101T>C"	4.09343174084059	0.0430501503722248	5	0.00392156862745098	0.000751314800901578	5.21960784313725	1
"14468T>C"	4.09343174084059	0.0430501503722248	5	0.00392156862745098	0.000751314800901578	5.21960784313725	1
"13104A>G"	4.09343174084059	0.0430501503722248	5	0.00392156862745098	0.000751314800901578	5.21960784313725	1
"1200G>A"	4.09343174084059	0.0430501503722248	5	0.00392156862745098	0.000751314800901578	5.21960784313725	1
"13369T>C"	3.32081141998497	0.0684080580949298	26	0	0.00651139494114701	0	1
"3226G>A"	2.89353721954597	0.0889354686859701	6	0.00392156862745098	0.00100175306786877	3.91470588235294	1
"5031G>A"	2.89353721954597	0.0889354686859701	6	0.00392156862745098	0.00100175306786877	3.91470588235294	1
"9145G>A"	2.89353721954597	0.0889354686859701	6	0.00392156862745098	0.00100175306786877	3.91470588235294	1
"10731G>A"	2.89353721954597	0.0889354686859701	6	0.00392156862745098	0.00100175306786877	3.91470588235294	1
"13069G>A"	2.89353721954597	0.0889354686859701	6	0.00392156862745098	0.00100175306786877	3.91470588235294	1
"15557G>A"	2.89353721954597	0.0889354686859701	6	0.00392156862745098	0.00100175306786877	3.91470588235294	1
"16261C>T"	2.89353721954597	0.0889354686859701	6	0.00392156862745098	0.00100175306786877	3.91470588235294	1
"2628T>C"	2.89353721954597	0.0889354686859701	6	0.00392156862745098	0.00100175306786877	3.91470588235294	1
"4752T>C"	2.89353721954597	0.0889354686859701	6	0.00392156862745098	0.00100175306786877	3.91470588235294	1
"9730T>C"	2.89353721954597	0.0889354686859701	6	0.00392156862745098	0.00100175306786877	3.91470588235294	1
"15239T>C"	2.89353721954597	0.0889354686859701	6	0.00392156862745098	0.00100175306786877	3.91470588235294	1
"2601A>G"	2.89353721954597	0.0889354686859701	6	0.00392156862745098	0.00100175306786877	3.91470588235294	1
"7704A>G"	2.89353721954597	0.0889354686859701	6	0.00392156862745098	0.00100175306786877	3.91470588235294	1
"3242G>A"	2.6191866403461	0.105578545906894	36	0.00196078431372549	0.00876533934385174	0.223697478991597	1
"13676A>G"	2.29902329075883	0.129455380198908	18	0	0.00450788880540947	0	1
"7021T>C"	2.23419255756397	0.134987123729687	12	0.00588235294117647	0.00225394440270473	2.60980392156863	1
"7849C>T"	2.17129977460556	0.14060734747421	17	0	0.00425745053844227	0	1
"1888G>A"	2.07296213752218	0.149930074996432	7	0.00392156862745098	0.00125219133483596	3.13176470588235	1
"11562G>A"	2.07296213752218	0.149930074996432	7	0.00392156862745098	0.00125219133483596	3.13176470588235	1
"14721G>A"	2.07296213752218	0.149930074996432	7	0.00392156862745098	0.00125219133483596	3.13176470588235	1
"14945G>A"	2.07296213752218	0.149930074996432	7	0.00392156862745098	0.00125219133483596	3.13176470588235	1
"15615G>A"	2.07296213752218	0.149930074996432	7	0.00392156862745098	0.00125219133483596	3.13176470588235	1
"4363T>C"	2.07296213752218	0.149930074996432	7	0.00392156862745098	0.00125219133483596	3.13176470588235	1
"15792T>C"	2.07296213752218	0.149930074996432	7	0.00392156862745098	0.00125219133483596	3.13176470588235	1
"1260A>G"	2.07296213752218	0.149930074996432	7	0.00392156862745098	0.00125219133483596	3.13176470588235	1
"13827A>G"	2.07296213752218	0.149930074996432	7	0.00392156862745098	0.00125219133483596	3.13176470588235	1
"11900G>A"	2.07296213752218	0.149930074996432	7	0.00392156862745098	0.00125219133483596	3.13176470588235	1
"15047G>A"	2.07296213752218	0.149930074996432	7	0.00392156862745098	0.00125219133483596	3.13176470588235	1
"1538G>A"	1.91585274229902	0.166314573292433	15	0	0.00375657400450789	0	1
"12172A>G"	1.91585274229902	0.166314573292433	15	0	0.00375657400450789	0	1
"15924A>G"	1.91585274229902	0.166314573292433	15	0	0.00375657400450789	0	1
"2833A>G"	1.7899147036726	0.180936555782151	19	0.00784313725490196	0.00375657400450789	2.0878431372549	1
"16124T>C"	1.78746596135998	0.181235215385412	13	0.00588235294117647	0.00250438266967193	2.34882352941176	1
"13327A>G"	1.78746596135998	0.181235215385412	13	0.00588235294117647	0.00250438266967193	2.34882352941176	1
"5894A>G"	1.53268219383922	0.215710341215942	12	0	0.00300525920360631	0	1
"7775G>A"	1.49156770955507	0.221973380099798	39	0.00392156862745098	0.00926621587778613	0.423211446740858	1
"622G>A"	1.48946170504265	0.222299998124633	8	0.00392156862745098	0.00150262960180316	2.60980392156863	1
"7598G>A"	1.48946170504265	0.222299998124633	8	0.00392156862745098	0.00150262960180316	2.60980392156863	1
"10290G>A"	1.48946170504265	0.222299998124633	8	0.00392156862745098	0.00150262960180316	2.60980392156863	1
"2075T>C"	1.48946170504265	0.222299998124633	8	0.00392156862745098	0.00150262960180316	2.60980392156863	1
"11087T>C"	1.48946170504265	0.222299998124633	8	0.00392156862745098	0.00150262960180316	2.60980392156863	1
"15642T>C"	1.48946170504265	0.222299998124633	8	0.00392156862745098	0.00150262960180316	2.60980392156863	1
"13681A>G"	1.48946170504265	0.222299998124633	8	0.00392156862745098	0.00150262960180316	2.60980392156863	1
"7293G>A"	1.40495867768595	0.235895087582314	11	0	0.00275482093663912	0	1
"13722A>G"	1.40495867768595	0.235895087582314	11	0	0.00275482093663912	0	1
"627G>A"	1.27723516153268	0.258413743822107	10	0	0.00250438266967193	0	1
"4412G>A"	1.27723516153268	0.258413743822107	10	0	0.00250438266967193	0	1
"1435A>G"	1.27723516153268	0.258413743822107	10	0	0.00250438266967193	0	1
"887G>A"	1.14951164537941	0.28365140266596	9	0	0.00225394440270473	0	1
"3022G>A"	1.14951164537941	0.28365140266596	9	0	0.00225394440270473	0	1
"16256C>T"	1.14951164537941	0.28365140266596	9	0	0.00225394440270473	0	1
"5389T>C"	1.14951164537941	0.28365140266596	9	0	0.00225394440270473	0	1
"6933T>C"	1.14951164537941	0.28365140266596	9	0	0.00225394440270473	0	1
"1222A>G"	1.14951164537941	0.28365140266596	9	0	0.00225394440270473	0	1
"1485G>A"	1.06401103892596	0.302302139515745	9	0.00392156862745098	0.00175306786877035	2.23697478991597	1
"9343G>A"	1.06401103892596	0.302302139515745	9	0.00392156862745098	0.00175306786877035	2.23697478991597	1
"15596G>A"	1.06401103892596	0.302302139515745	9	0.00392156862745098	0.00175306786877035	2.23697478991597	1
"3614T>C"	1.06401103892596	0.302302139515745	9	0.00392156862745098	0.00175306786877035	2.23697478991597	1
"7138T>C"	1.06401103892596	0.302302139515745	9	0.00392156862745098	0.00175306786877035	2.23697478991597	1
"9005T>C"	1.06401103892596	0.302302139515745	9	0.00392156862745098	0.00175306786877035	2.23697478991597	1
"9987T>C"	1.06401103892596	0.302302139515745	9	0.00392156862745098	0.00175306786877035	2.23697478991597	1
"2473A>G"	1.06401103892596	0.302302139515745	9	0.00392156862745098	0.00175306786877035	2.23697478991597	1
"6583A>G"	1.06401103892596	0.302302139515745	9	0.00392156862745098	0.00175306786877035	2.23697478991597	1
"1932G>A"	1.02178812922615	0.312095235073825	8	0	0.00200350613573754	0	1
"2269G>A"	1.02178812922615	0.312095235073825	8	0	0.00200350613573754	0	1
"2916G>A"	1.02178812922615	0.312095235073825	8	0	0.00200350613573754	0	1
"3014G>A"	1.02178812922615	0.312095235073825	8	0	0.00200350613573754	0	1
"6465G>A"	1.02178812922615	0.312095235073825	8	0	0.00200350613573754	0	1
"12773G>A"	1.02178812922615	0.312095235073825	8	0	0.00200350613573754	0	1
"12775G>A"	1.02178812922615	0.312095235073825	8	0	0.00200350613573754	0	1
"13309G>A"	1.02178812922615	0.312095235073825	8	0	0.00200350613573754	0	1
"13590G>A"	1.02178812922615	0.312095235073825	8	0	0.00200350613573754	0	1
"15043G>A"	1.02178812922615	0.312095235073825	8	0	0.00200350613573754	0	1
"150C>T"	1.02178812922615	0.312095235073825	8	0	0.00200350613573754	0	1
"1983T>C"	1.02178812922615	0.312095235073825	8	0	0.00200350613573754	0	1
"533A>G"	1.02178812922615	0.312095235073825	8	0	0.00200350613573754	0	1
"12431A>G"	1.02178812922615	0.312095235073825	8	0	0.00200350613573754	0	1
"16293A>G"	1.02178812922615	0.312095235073825	8	0	0.00200350613573754	0	1
"499G>A"	0.894064613072878	0.344378208041758	7	0	0.00175306786877035	0	1
"1334G>A"	0.894064613072878	0.344378208041758	7	0	0.00175306786877035	0	1
"1336G>A"	0.894064613072878	0.344378208041758	7	0	0.00175306786877035	0	1
"1464G>A"	0.894064613072878	0.344378208041758	7	0	0.00175306786877035	0	1
"2492G>A"	0.894064613072878	0.344378208041758	7	0	0.00175306786877035	0	1
"2528G>A"	0.894064613072878	0.344378208041758	7	0	0.00175306786877035	0	1
"3413G>A"	0.894064613072878	0.344378208041758	7	0	0.00175306786877035	0	1
"3922G>A"	0.894064613072878	0.344378208041758	7	0	0.00175306786877035	0	1
"5112G>A"	0.894064613072878	0.344378208041758	7	0	0.00175306786877035	0	1
"6762G>A"	0.894064613072878	0.344378208041758	7	0	0.00175306786877035	0	1
"6999G>A"	0.894064613072878	0.344378208041758	7	0	0.00175306786877035	0	1
"9445G>A"	0.894064613072878	0.344378208041758	7	0	0.00175306786877035	0	1
"9907G>A"	0.894064613072878	0.344378208041758	7	0	0.00175306786877035	0	1
"10176G>A"	0.894064613072878	0.344378208041758	7	0	0.00175306786877035	0	1
"11825G>A"	0.894064613072878	0.344378208041758	7	0	0.00175306786877035	0	1
"13121G>A"	0.894064613072878	0.344378208041758	7	0	0.00175306786877035	0	1
"13810G>A"	0.894064613072878	0.344378208041758	7	0	0.00175306786877035	0	1
"14279G>A"	0.894064613072878	0.344378208041758	7	0	0.00175306786877035	0	1
"14861G>A"	0.894064613072878	0.344378208041758	7	0	0.00175306786877035	0	1
"3653T>C"	0.894064613072878	0.344378208041758	7	0	0.00175306786877035	0	1
"6248T>C"	0.894064613072878	0.344378208041758	7	0	0.00175306786877035	0	1
"15784T>C"	0.894064613072878	0.344378208041758	7	0	0.00175306786877035	0	1
"15831T>C"	0.894064613072878	0.344378208041758	7	0	0.00175306786877035	0	1
"16086T>C"	0.894064613072878	0.344378208041758	7	0	0.00175306786877035	0	1
"16131T>C"	0.894064613072878	0.344378208041758	7	0	0.00175306786877035	0	1
"795A>G"	0.894064613072878	0.344378208041758	7	0	0.00175306786877035	0	1
"1900A>G"	0.894064613072878	0.344378208041758	7	0	0.00175306786877035	0	1
"1999A>G"	0.894064613072878	0.344378208041758	7	0	0.00175306786877035	0	1
"4164A>G"	0.894064613072878	0.344378208041758	7	0	0.00175306786877035	0	1
"9181A>G"	0.894064613072878	0.344378208041758	7	0	0.00175306786877035	0	1
"14424A>G"	0.894064613072878	0.344378208041758	7	0	0.00175306786877035	0	1
"15923A>G"	0.894064613072878	0.344378208041758	7	0	0.00175306786877035	0	1
"2702G>A"	0.894064613072878	0.344378208041758	7	0	0.00175306786877035	0	1
"777G>A"	0.766341096919609	0.381351348731574	6	0	0.00150262960180316	0	1
"901G>A"	0.766341096919609	0.381351348731574	6	0	0.00150262960180316	0	1
"1474G>A"	0.766341096919609	0.381351348731574	6	0	0.00150262960180316	0	1
"1552G>A"	0.766341096919609	0.381351348731574	6	0	0.00150262960180316	0	1
"2943G>A"	0.766341096919609	0.381351348731574	6	0	0.00150262960180316	0	1
"3091G>A"	0.766341096919609	0.381351348731574	6	0	0.00150262960180316	0	1
"4532G>A"	0.766341096919609	0.381351348731574	6	0	0.00150262960180316	0	1
"5970G>A"	0.766341096919609	0.381351348731574	6	0	0.00150262960180316	0	1
"6892G>A"	0.766341096919609	0.381351348731574	6	0	0.00150262960180316	0	1
"8368G>A"	0.766341096919609	0.381351348731574	6	0	0.00150262960180316	0	1
"9276G>A"	0.766341096919609	0.381351348731574	6	0	0.00150262960180316	0	1
"10197G>A"	0.766341096919609	0.381351348731574	6	0	0.00150262960180316	0	1
"10586G>A"	0.766341096919609	0.381351348731574	6	0	0.00150262960180316	0	1
"10914G>A"	0.766341096919609	0.381351348731574	6	0	0.00150262960180316	0	1
"11887G>A"	0.766341096919609	0.381351348731574	6	0	0.00150262960180316	0	1
"12125G>A"	0.766341096919609	0.381351348731574	6	0	0.00150262960180316	0	1
"12457G>A"	0.766341096919609	0.381351348731574	6	0	0.00150262960180316	0	1
"12771G>A"	0.766341096919609	0.381351348731574	6	0	0.00150262960180316	0	1
"13099G>A"	0.766341096919609	0.381351348731574	6	0	0.00150262960180316	0	1
"13471G>A"	0.766341096919609	0.381351348731574	6	0	0.00150262960180316	0	1
"13477G>A"	0.766341096919609	0.381351348731574	6	0	0.00150262960180316	0	1
"13726G>A"	0.766341096919609	0.381351348731574	6	0	0.00150262960180316	0	1
"13837G>A"	0.766341096919609	0.381351348731574	6	0	0.00150262960180316	0	1
"14453G>A"	0.766341096919609	0.381351348731574	6	0	0.00150262960180316	0	1
"14710G>A"	0.766341096919609	0.381351348731574	6	0	0.00150262960180316	0	1
"14973G>A"	0.766341096919609	0.381351348731574	6	0	0.00150262960180316	0	1
"15612G>A"	0.766341096919609	0.381351348731574	6	0	0.00150262960180316	0	1
"15687G>A"	0.766341096919609	0.381351348731574	6	0	0.00150262960180316	0	1
"16039G>A"	0.766341096919609	0.381351348731574	6	0	0.00150262960180316	0	1
"1435A>T"	0.766341096919609	0.381351348731574	6	0	0.00150262960180316	0	1
"16400C>T"	0.766341096919609	0.381351348731574	6	0	0.00150262960180316	0	1
"2007T>C"	0.766341096919609	0.381351348731574	6	0	0.00150262960180316	0	1
"3167T>C"	0.766341096919609	0.381351348731574	6	0	0.00150262960180316	0	1
"4684T>C"	0.766341096919609	0.381351348731574	6	0	0.00150262960180316	0	1
"8801T>C"	0.766341096919609	0.381351348731574	6	0	0.00150262960180316	0	1
"11661T>C"	0.766341096919609	0.381351348731574	6	0	0.00150262960180316	0	1
"11781T>C"	0.766341096919609	0.381351348731574	6	0	0.00150262960180316	0	1
"585A>G"	0.766341096919609	0.381351348731574	6	0	0.00150262960180316	0	1
"2725A>G"	0.766341096919609	0.381351348731574	6	0	0.00150262960180316	0	1
"4674A>G"	0.766341096919609	0.381351348731574	6	0	0.00150262960180316	0	1
"5823A>G"	0.766341096919609	0.381351348731574	6	0	0.00150262960180316	0	1
"5952A>G"	0.766341096919609	0.381351348731574	6	0	0.00150262960180316	0	1
"13153A>G"	0.766341096919609	0.381351348731574	6	0	0.00150262960180316	0	1
"15758A>G"	0.766341096919609	0.381351348731574	6	0	0.00150262960180316	0	1
"4959G>A"	0.766341096919609	0.381351348731574	6	0	0.00150262960180316	0	1
"8995G>A"	0.766341096919609	0.381351348731574	6	0	0.00150262960180316	0	1
"2636G>A"	0.74919520926327	0.386731151947908	10	0.00392156862745098	0.00200350613573754	1.95735294117647	1
"8118G>A"	0.74919520926327	0.386731151947908	10	0.00392156862745098	0.00200350613573754	1.95735294117647	1
"709G>A"	0.676383238140795	0.410834932091228	17	0.00588235294117647	0.0035061357375407	1.67773109243697	1
"11838T>A"	0.646574253925149	0.421340142439586	101	0.0274509803921569	0.0217881292261458	1.25990534144692	1
"943G>A"	0.638617580766341	0.424211834923906	5	0	0.00125219133483596	0	1
"1092G>A"	0.638617580766341	0.424211834923906	5	0	0.00125219133483596	0	1
"1345G>A"	0.638617580766341	0.424211834923906	5	0	0.00125219133483596	0	1
"1410G>A"	0.638617580766341	0.424211834923906	5	0	0.00125219133483596	0	1
"1419G>A"	0.638617580766341	0.424211834923906	5	0	0.00125219133483596	0	1
"1987G>A"	0.638617580766341	0.424211834923906	5	0	0.00125219133483596	0	1
"2008G>A"	0.638617580766341	0.424211834923906	5	0	0.00125219133483596	0	1
"2553G>A"	0.638617580766341	0.424211834923906	5	0	0.00125219133483596	0	1
"2697G>A"	0.638617580766341	0.424211834923906	5	0	0.00125219133483596	0	1
"2817G>A"	0.638617580766341	0.424211834923906	5	0	0.00125219133483596	0	1
"3002G>A"	0.638617580766341	0.424211834923906	5	0	0.00125219133483596	0	1
"3061G>A"	0.638617580766341	0.424211834923906	5	0	0.00125219133483596	0	1
"3454G>A"	0.638617580766341	0.424211834923906	5	0	0.00125219133483596	0	1
"3608G>A"	0.638617580766341	0.424211834923906	5	0	0.00125219133483596	0	1
"3643G>A"	0.638617580766341	0.424211834923906	5	0	0.00125219133483596	0	1
"4686G>A"	0.638617580766341	0.424211834923906	5	0	0.00125219133483596	0	1
"5910G>A"	0.638617580766341	0.424211834923906	5	0	0.00125219133483596	0	1
"6798G>A"	0.638617580766341	0.424211834923906	5	0	0.00125219133483596	0	1
"6825G>A"	0.638617580766341	0.424211834923906	5	0	0.00125219133483596	0	1
"7379G>A"	0.638617580766341	0.424211834923906	5	0	0.00125219133483596	0	1
"7588G>A"	0.638617580766341	0.424211834923906	5	0	0.00125219133483596	0	1
"7689G>A"	0.638617580766341	0.424211834923906	5	0	0.00125219133483596	0	1
"7919G>A"	0.638617580766341	0.424211834923906	5	0	0.00125219133483596	0	1
"9253G>A"	0.638617580766341	0.424211834923906	5	0	0.00125219133483596	0	1
"9411G>A"	0.638617580766341	0.424211834923906	5	0	0.00125219133483596	0	1
"9645G>A"	0.638617580766341	0.424211834923906	5	0	0.00125219133483596	0	1
"10646G>A"	0.638617580766341	0.424211834923906	5	0	0.00125219133483596	0	1
"11004G>A"	0.638617580766341	0.424211834923906	5	0	0.00125219133483596	0	1
"11126G>A"	0.638617580766341	0.424211834923906	5	0	0.00125219133483596	0	1
"11438G>A"	0.638617580766341	0.424211834923906	5	0	0.00125219133483596	0	1
"12541G>A"	0.638617580766341	0.424211834923906	5	0	0.00125219133483596	0	1
"13194G>A"	0.638617580766341	0.424211834923906	5	0	0.00125219133483596	0	1
"13366G>A"	0.638617580766341	0.424211834923906	5	0	0.00125219133483596	0	1
"13980G>A"	0.638617580766341	0.424211834923906	5	0	0.00125219133483596	0	1
"14259G>A"	0.638617580766341	0.424211834923906	5	0	0.00125219133483596	0	1
"14889G>A"	0.638617580766341	0.424211834923906	5	0	0.00125219133483596	0	1
"15119G>A"	0.638617580766341	0.424211834923906	5	0	0.00125219133483596	0	1
"15125G>A"	0.638617580766341	0.424211834923906	5	0	0.00125219133483596	0	1
"15350G>A"	0.638617580766341	0.424211834923906	5	0	0.00125219133483596	0	1
"956C>T"	0.638617580766341	0.424211834923906	5	0	0.00125219133483596	0	1
"16111C>T"	0.638617580766341	0.424211834923906	5	0	0.00125219133483596	0	1
"16267C>T"	0.638617580766341	0.424211834923906	5	0	0.00125219133483596	0	1
"152T>C"	0.638617580766341	0.424211834923906	5	0	0.00125219133483596	0	1
"1180T>C"	0.638617580766341	0.424211834923906	5	0	0.00125219133483596	0	1
"1208T>C"	0.638617580766341	0.424211834923906	5	0	0.00125219133483596	0	1
"2233T>C"	0.638617580766341	0.424211834923906	5	0	0.00125219133483596	0	1
"2275T>C"	0.638617580766341	0.424211834923906	5	0	0.00125219133483596	0	1
"3098T>C"	0.638617580766341	0.424211834923906	5	0	0.00125219133483596	0	1
"3868T>C"	0.638617580766341	0.424211834923906	5	0	0.00125219133483596	0	1
"3988T>C"	0.638617580766341	0.424211834923906	5	0	0.00125219133483596	0	1
"4204T>C"	0.638617580766341	0.424211834923906	5	0	0.00125219133483596	0	1
"4703T>C"	0.638617580766341	0.424211834923906	5	0	0.00125219133483596	0	1
"4911T>C"	0.638617580766341	0.424211834923906	5	0	0.00125219133483596	0	1
"5350T>C"	0.638617580766341	0.424211834923906	5	0	0.00125219133483596	0	1
"5613T>C"	0.638617580766341	0.424211834923906	5	0	0.00125219133483596	0	1
"6061T>C"	0.638617580766341	0.424211834923906	5	0	0.00125219133483596	0	1
"6838T>C"	0.638617580766341	0.424211834923906	5	0	0.00125219133483596	0	1
"8928T>C"	0.638617580766341	0.424211834923906	5	0	0.00125219133483596	0	1
"9337T>C"	0.638617580766341	0.424211834923906	5	0	0.00125219133483596	0	1
"10345T>C"	0.638617580766341	0.424211834923906	5	0	0.00125219133483596	0	1
"10412T>C"	0.638617580766341	0.424211834923906	5	0	0.00125219133483596	0	1
"10626T>C"	0.638617580766341	0.424211834923906	5	0	0.00125219133483596	0	1
"10640T>C"	0.638617580766341	0.424211834923906	5	0	0.00125219133483596	0	1
"11589T>C"	0.638617580766341	0.424211834923906	5	0	0.00125219133483596	0	1
"11907T>C"	0.638617580766341	0.424211834923906	5	0	0.00125219133483596	0	1
"12448T>C"	0.638617580766341	0.424211834923906	5	0	0.00125219133483596	0	1
"13376T>C"	0.638617580766341	0.424211834923906	5	0	0.00125219133483596	0	1
"14182T>C"	0.638617580766341	0.424211834923906	5	0	0.00125219133483596	0	1
"14291T>C"	0.638617580766341	0.424211834923906	5	0	0.00125219133483596	0	1
"14307T>C"	0.638617580766341	0.424211834923906	5	0	0.00125219133483596	0	1
"14598T>C"	0.638617580766341	0.424211834923906	5	0	0.00125219133483596	0	1
"15027T>C"	0.638617580766341	0.424211834923906	5	0	0.00125219133483596	0	1
"15262T>C"	0.638617580766341	0.424211834923906	5	0	0.00125219133483596	0	1
"15744T>C"	0.638617580766341	0.424211834923906	5	0	0.00125219133483596	0	1
"15843T>C"	0.638617580766341	0.424211834923906	5	0	0.00125219133483596	0	1
"15983T>C"	0.638617580766341	0.424211834923906	5	0	0.00125219133483596	0	1
"385A>G"	0.638617580766341	0.424211834923906	5	0	0.00125219133483596	0	1
"741A>G"	0.638617580766341	0.424211834923906	5	0	0.00125219133483596	0	1
"1277A>G"	0.638617580766341	0.424211834923906	5	0	0.00125219133483596	0	1
"1346A>G"	0.638617580766341	0.424211834923906	5	0	0.00125219133483596	0	1
"1945A>G"	0.638617580766341	0.424211834923906	5	0	0.00125219133483596	0	1
"2633A>G"	0.638617580766341	0.424211834923906	5	0	0.00125219133483596	0	1
"4722A>G"	0.638617580766341	0.424211834923906	5	0	0.00125219133483596	0	1
"5398A>G"	0.638617580766341	0.424211834923906	5	0	0.00125219133483596	0	1
"6720A>G"	0.638617580766341	0.424211834923906	5	0	0.00125219133483596	0	1
"7087A>G"	0.638617580766341	0.424211834923906	5	0	0.00125219133483596	0	1
"7091A>G"	0.638617580766341	0.424211834923906	5	0	0.00125219133483596	0	1
"7543A>G"	0.638617580766341	0.424211834923906	5	0	0.00125219133483596	0	1
"7571A>G"	0.638617580766341	0.424211834923906	5	0	0.00125219133483596	0	1
"7622A>G"	0.638617580766341	0.424211834923906	5	0	0.00125219133483596	0	1
"9415A>G"	0.638617580766341	0.424211834923906	5	0	0.00125219133483596	0	1
"9964A>G"	0.638617580766341	0.424211834923906	5	0	0.00125219133483596	0	1
"11392A>G"	0.638617580766341	0.424211834923906	5	0	0.00125219133483596	0	1
"12082A>G"	0.638617580766341	0.424211834923906	5	0	0.00125219133483596	0	1
"12509A>G"	0.638617580766341	0.424211834923906	5	0	0.00125219133483596	0	1
"13594A>G"	0.638617580766341	0.424211834923906	5	0	0.00125219133483596	0	1
"14002A>G"	0.638617580766341	0.424211834923906	5	0	0.00125219133483596	0	1
"15236A>G"	0.638617580766341	0.424211834923906	5	0	0.00125219133483596	0	1
"2622G>A"	0.638617580766341	0.424211834923906	5	0	0.00125219133483596	0	1
"2455T>C"	0.638617580766341	0.424211834923906	5	0	0.00125219133483596	0	1
"14985G>A"	0.596750440722244	0.439820573034345	18	0.00196078431372549	0.00425745053844227	0.460553633217993	1
"11233T>C"	0.514841078839841	0.473050666228481	11	0.00392156862745098	0.00225394440270473	1.73986928104575	1
"14641A>G"	0.514841078839841	0.473050666228481	11	0.00392156862745098	0.00225394440270473	1.73986928104575	1
"523A>C"	0.501663294820384	0.478770195200098	605	0.123529411764706	0.135737540696218	0.910060777078359	1
"586G>A"	0.374597604631635	0.540508783566317	5	0.00196078431372549	0.00100175306786877	1.95735294117647	1
"898C>A"	0.374597604631635	0.540508783566317	5	0.00196078431372549	0.00100175306786877	1.95735294117647	1
"899G>A"	0.374597604631635	0.540508783566317	5	0.00196078431372549	0.00100175306786877	1.95735294117647	1
"933G>A"	0.374597604631635	0.540508783566317	5	0.00196078431372549	0.00100175306786877	1.95735294117647	1
"1750G>A"	0.374597604631635	0.540508783566317	5	0.00196078431372549	0.00100175306786877	1.95735294117647	1
"2002G>A"	0.374597604631635	0.540508783566317	5	0.00196078431372549	0.00100175306786877	1.95735294117647	1
"2009G>A"	0.374597604631635	0.540508783566317	5	0.00196078431372549	0.00100175306786877	1.95735294117647	1
"2185G>A"	0.374597604631635	0.540508783566317	5	0.00196078431372549	0.00100175306786877	1.95735294117647	1
"2421G>A"	0.374597604631635	0.540508783566317	5	0.00196078431372549	0.00100175306786877	1.95735294117647	1
"2571G>A"	0.374597604631635	0.540508783566317	5	0.00196078431372549	0.00100175306786877	1.95735294117647	1
"2646G>A"	0.374597604631635	0.540508783566317	5	0.00196078431372549	0.00100175306786877	1.95735294117647	1
"2690G>A"	0.374597604631635	0.540508783566317	5	0.00196078431372549	0.00100175306786877	1.95735294117647	1
"3526G>A"	0.374597604631635	0.540508783566317	5	0.00196078431372549	0.00100175306786877	1.95735294117647	1
"3591G>A"	0.374597604631635	0.540508783566317	5	0.00196078431372549	0.00100175306786877	1.95735294117647	1
"3982G>A"	0.374597604631635	0.540508783566317	5	0.00196078431372549	0.00100175306786877	1.95735294117647	1
"5140G>A"	0.374597604631635	0.540508783566317	5	0.00196078431372549	0.00100175306786877	1.95735294117647	1
"5262G>A"	0.374597604631635	0.540508783566317	5	0.00196078431372549	0.00100175306786877	1.95735294117647	1
"6037G>A"	0.374597604631635	0.540508783566317	5	0.00196078431372549	0.00100175306786877	1.95735294117647	1
"6249G>A"	0.374597604631635	0.540508783566317	5	0.00196078431372549	0.00100175306786877	1.95735294117647	1
"6580G>A"	0.374597604631635	0.540508783566317	5	0.00196078431372549	0.00100175306786877	1.95735294117647	1
"7595G>A"	0.374597604631635	0.540508783566317	5	0.00196078431372549	0.00100175306786877	1.95735294117647	1
"9010G>A"	0.374597604631635	0.540508783566317	5	0.00196078431372549	0.00100175306786877	1.95735294117647	1
"9811G>A"	0.374597604631635	0.540508783566317	5	0.00196078431372549	0.00100175306786877	1.95735294117647	1
"9942G>A"	0.374597604631635	0.540508783566317	5	0.00196078431372549	0.00100175306786877	1.95735294117647	1
"10407G>A"	0.374597604631635	0.540508783566317	5	0.00196078431372549	0.00100175306786877	1.95735294117647	1
"10677G>A"	0.374597604631635	0.540508783566317	5	0.00196078431372549	0.00100175306786877	1.95735294117647	1
"10725G>A"	0.374597604631635	0.540508783566317	5	0.00196078431372549	0.00100175306786877	1.95735294117647	1
"11195G>A"	0.374597604631635	0.540508783566317	5	0.00196078431372549	0.00100175306786877	1.95735294117647	1
"11642G>A"	0.374597604631635	0.540508783566317	5	0.00196078431372549	0.00100175306786877	1.95735294117647	1
"12008G>A"	0.374597604631635	0.540508783566317	5	0.00196078431372549	0.00100175306786877	1.95735294117647	1
"12315G>A"	0.374597604631635	0.540508783566317	5	0.00196078431372549	0.00100175306786877	1.95735294117647	1
"12610G>A"	0.374597604631635	0.540508783566317	5	0.00196078431372549	0.00100175306786877	1.95735294117647	1
"12814G>A"	0.374597604631635	0.540508783566317	5	0.00196078431372549	0.00100175306786877	1.95735294117647	1
"12895G>A"	0.374597604631635	0.540508783566317	5	0.00196078431372549	0.00100175306786877	1.95735294117647	1
"13019G>A"	0.374597604631635	0.540508783566317	5	0.00196078431372549	0.00100175306786877	1.95735294117647	1
"14607G>A"	0.374597604631635	0.540508783566317	5	0.00196078431372549	0.00100175306786877	1.95735294117647	1
"14804G>A"	0.374597604631635	0.540508783566317	5	0.00196078431372549	0.00100175306786877	1.95735294117647	1
"14900G>A"	0.374597604631635	0.540508783566317	5	0.00196078431372549	0.00100175306786877	1.95735294117647	1
"8059C>T"	0.374597604631635	0.540508783566317	5	0.00196078431372549	0.00100175306786877	1.95735294117647	1
"16266C>T"	0.374597604631635	0.540508783566317	5	0.00196078431372549	0.00100175306786877	1.95735294117647	1
"1391T>C"	0.374597604631635	0.540508783566317	5	0.00196078431372549	0.00100175306786877	1.95735294117647	1
"1646T>C"	0.374597604631635	0.540508783566317	5	0.00196078431372549	0.00100175306786877	1.95735294117647	1
"1954T>C"	0.374597604631635	0.540508783566317	5	0.00196078431372549	0.00100175306786877	1.95735294117647	1
"3019G>C"	0.374597604631635	0.540508783566317	5	0.00196078431372549	0.00100175306786877	1.95735294117647	1
"3727T>C"	0.374597604631635	0.540508783566317	5	0.00196078431372549	0.00100175306786877	1.95735294117647	1
"5361T>C"	0.374597604631635	0.540508783566317	5	0.00196078431372549	0.00100175306786877	1.95735294117647	1
"7625T>C"	0.374597604631635	0.540508783566317	5	0.00196078431372549	0.00100175306786877	1.95735294117647	1
"9367T>C"	0.374597604631635	0.540508783566317	5	0.00196078431372549	0.00100175306786877	1.95735294117647	1
"9507T>C"	0.374597604631635	0.540508783566317	5	0.00196078431372549	0.00100175306786877	1.95735294117647	1
"9856T>C"	0.374597604631635	0.540508783566317	5	0.00196078431372549	0.00100175306786877	1.95735294117647	1
"10237T>C"	0.374597604631635	0.540508783566317	5	0.00196078431372549	0.00100175306786877	1.95735294117647	1
"11154T>C"	0.374597604631635	0.540508783566317	5	0.00196078431372549	0.00100175306786877	1.95735294117647	1
"11228T>C"	0.374597604631635	0.540508783566317	5	0.00196078431372549	0.00100175306786877	1.95735294117647	1
"12601T>C"	0.374597604631635	0.540508783566317	5	0.00196078431372549	0.00100175306786877	1.95735294117647	1
"12797T>C"	0.374597604631635	0.540508783566317	5	0.00196078431372549	0.00100175306786877	1.95735294117647	1
"15310T>C"	0.374597604631635	0.540508783566317	5	0.00196078431372549	0.00100175306786877	1.95735294117647	1
"1214A>G"	0.374597604631635	0.540508783566317	5	0.00196078431372549	0.00100175306786877	1.95735294117647	1
"3419A>G"	0.374597604631635	0.540508783566317	5	0.00196078431372549	0.00100175306786877	1.95735294117647	1
"5102A>G"	0.374597604631635	0.540508783566317	5	0.00196078431372549	0.00100175306786877	1.95735294117647	1
"5676A>G"	0.374597604631635	0.540508783566317	5	0.00196078431372549	0.00100175306786877	1.95735294117647	1
"6126A>G"	0.374597604631635	0.540508783566317	5	0.00196078431372549	0.00100175306786877	1.95735294117647	1
"6735A>G"	0.374597604631635	0.540508783566317	5	0.00196078431372549	0.00100175306786877	1.95735294117647	1
"8160A>G"	0.374597604631635	0.540508783566317	5	0.00196078431372549	0.00100175306786877	1.95735294117647	1
"8344A>G"	0.374597604631635	0.540508783566317	5	0.00196078431372549	0.00100175306786877	1.95735294117647	1
"8623A>G"	0.374597604631635	0.540508783566317	5	0.00196078431372549	0.00100175306786877	1.95735294117647	1
"12352A>G"	0.374597604631635	0.540508783566317	5	0.00196078431372549	0.00100175306786877	1.95735294117647	1
"16258A>G"	0.374597604631635	0.540508783566317	5	0.00196078431372549	0.00100175306786877	1.95735294117647	1
"9489G>A"	0.374597604631635	0.540508783566317	5	0.00196078431372549	0.00100175306786877	1.95735294117647	1
"13708G>A"	0.374597604631635	0.540508783566317	5	0.00196078431372549	0.00100175306786877	1.95735294117647	1
"1000T>C"	0.374597604631635	0.540508783566317	5	0.00196078431372549	0.00100175306786877	1.95735294117647	1
"10866T>C"	0.374597604631635	0.540508783566317	5	0.00196078431372549	0.00100175306786877	1.95735294117647	1
"3003A>G"	0.340833222845863	0.559348664330542	12	0.00392156862745098	0.00250438266967193	1.56588235294118	1
"1082A>G"	0.32421472871643	0.569085688736997	15	0.00196078431372549	0.0035061357375407	0.559243697478992	1
"2788C>A"	0.297528174305034	0.585436199087943	170	0.0333333333333333	0.0383170548459805	0.869934640522876	1
"1201A>G"	0.243906142472015	0.621399018471645	14	0.00196078431372549	0.0032556974705735	0.602262443438914	1
"9868G>A"	0.170892160828962	0.679320130311997	13	0.00196078431372549	0.00300525920360631	0.652450980392157	1
"12128T>C"	0.170892160828962	0.679320130311997	13	0.00196078431372549	0.00300525920360631	0.652450980392157	1
"810G>A"	0.170416611422931	0.679741817077685	6	0.00196078431372549	0.00125219133483596	1.56588235294118	1
"1339G>A"	0.170416611422931	0.679741817077685	6	0.00196078431372549	0.00125219133483596	1.56588235294118	1
"2203G>A"	0.170416611422931	0.679741817077685	6	0.00196078431372549	0.00125219133483596	1.56588235294118	1
"2573G>A"	0.170416611422931	0.679741817077685	6	0.00196078431372549	0.00125219133483596	1.56588235294118	1
"2645G>A"	0.170416611422931	0.679741817077685	6	0.00196078431372549	0.00125219133483596	1.56588235294118	1
"4491G>A"	0.170416611422931	0.679741817077685	6	0.00196078431372549	0.00125219133483596	1.56588235294118	1
"5032G>A"	0.170416611422931	0.679741817077685	6	0.00196078431372549	0.00125219133483596	1.56588235294118	1
"5698G>A"	0.170416611422931	0.679741817077685	6	0.00196078431372549	0.00125219133483596	1.56588235294118	1
"5703G>A"	0.170416611422931	0.679741817077685	6	0.00196078431372549	0.00125219133483596	1.56588235294118	1
"6718G>A"	0.170416611422931	0.679741817077685	6	0.00196078431372549	0.00125219133483596	1.56588235294118	1
"8764G>A"	0.170416611422931	0.679741817077685	6	0.00196078431372549	0.00125219133483596	1.56588235294118	1
"10230G>A"	0.170416611422931	0.679741817077685	6	0.00196078431372549	0.00125219133483596	1.56588235294118	1
"13135G>A"	0.170416611422931	0.679741817077685	6	0.00196078431372549	0.00125219133483596	1.56588235294118	1
"13463G>A"	0.170416611422931	0.679741817077685	6	0.00196078431372549	0.00125219133483596	1.56588235294118	1
"13970G>A"	0.170416611422931	0.679741817077685	6	0.00196078431372549	0.00125219133483596	1.56588235294118	1
"15024G>A"	0.170416611422931	0.679741817077685	6	0.00196078431372549	0.00125219133483596	1.56588235294118	1
"15170G>A"	0.170416611422931	0.679741817077685	6	0.00196078431372549	0.00125219133483596	1.56588235294118	1
"15591G>A"	0.170416611422931	0.679741817077685	6	0.00196078431372549	0.00125219133483596	1.56588235294118	1
"634T>C"	0.170416611422931	0.679741817077685	6	0.00196078431372549	0.00125219133483596	1.56588235294118	1
"879T>C"	0.170416611422931	0.679741817077685	6	0.00196078431372549	0.00125219133483596	1.56588235294118	1
"1659T>C"	0.170416611422931	0.679741817077685	6	0.00196078431372549	0.00125219133483596	1.56588235294118	1
"1694T>C"	0.170416611422931	0.679741817077685	6	0.00196078431372549	0.00125219133483596	1.56588235294118	1
"2088T>C"	0.170416611422931	0.679741817077685	6	0.00196078431372549	0.00125219133483596	1.56588235294118	1
"3362T>C"	0.170416611422931	0.679741817077685	6	0.00196078431372549	0.00125219133483596	1.56588235294118	1
"4396T>C"	0.170416611422931	0.679741817077685	6	0.00196078431372549	0.00125219133483596	1.56588235294118	1
"11973T>C"	0.170416611422931	0.679741817077685	6	0.00196078431372549	0.00125219133483596	1.56588235294118	1
"12800T>C"	0.170416611422931	0.679741817077685	6	0.00196078431372549	0.00125219133483596	1.56588235294118	1
"13324T>C"	0.170416611422931	0.679741817077685	6	0.00196078431372549	0.00125219133483596	1.56588235294118	1
"15029T>C"	0.170416611422931	0.679741817077685	6	0.00196078431372549	0.00125219133483596	1.56588235294118	1
"15601T>C"	0.170416611422931	0.679741817077685	6	0.00196078431372549	0.00125219133483596	1.56588235294118	1
"102A>G"	0.170416611422931	0.679741817077685	6	0.00196078431372549	0.00125219133483596	1.56588235294118	1
"540A>G"	0.170416611422931	0.679741817077685	6	0.00196078431372549	0.00125219133483596	1.56588235294118	1
"2452A>G"	0.170416611422931	0.679741817077685	6	0.00196078431372549	0.00125219133483596	1.56588235294118	1
"2734A>G"	0.170416611422931	0.679741817077685	6	0.00196078431372549	0.00125219133483596	1.56588235294118	1
"3085A>G"	0.170416611422931	0.679741817077685	6	0.00196078431372549	0.00125219133483596	1.56588235294118	1
"5036A>G"	0.170416611422931	0.679741817077685	6	0.00196078431372549	0.00125219133483596	1.56588235294118	1
"5436A>G"	0.170416611422931	0.679741817077685	6	0.00196078431372549	0.00125219133483596	1.56588235294118	1
"8149A>G"	0.170416611422931	0.679741817077685	6	0.00196078431372549	0.00125219133483596	1.56588235294118	1
"8730A>G"	0.170416611422931	0.679741817077685	6	0.00196078431372549	0.00125219133483596	1.56588235294118	1
"11535A>G"	0.170416611422931	0.679741817077685	6	0.00196078431372549	0.00125219133483596	1.56588235294118	1
"12122A>G"	0.170416611422931	0.679741817077685	6	0.00196078431372549	0.00125219133483596	1.56588235294118	1
"12770A>G"	0.170416611422931	0.679741817077685	6	0.00196078431372549	0.00125219133483596	1.56588235294118	1
"13952A>G"	0.170416611422931	0.679741817077685	6	0.00196078431372549	0.00125219133483596	1.56588235294118	1
"14071A>G"	0.170416611422931	0.679741817077685	6	0.00196078431372549	0.00125219133483596	1.56588235294118	1
"16188C>G"	0.170416611422931	0.679741817077685	6	0.00196078431372549	0.00125219133483596	1.56588235294118	1
"13638A>G"	0.170416611422931	0.679741817077685	6	0.00196078431372549	0.00125219133483596	1.56588235294118	1
"11711G>A"	0.10941152364231	0.74081510484826	22	0.00392156862745098	0.00500876533934385	0.782941176470588	1
"2333G>A"	0.106996434937611	0.743589910792514	12	0.00196078431372549	0.00275482093663912	0.711764705882353	1
"14410G>A"	0.106996434937611	0.743589910792514	12	0.00196078431372549	0.00275482093663912	0.711764705882353	1
"2778T>C"	0.106996434937611	0.743589910792514	12	0.00196078431372549	0.00275482093663912	0.711764705882353	1
"10597T>C"	0.106996434937611	0.743589910792514	12	0.00196078431372549	0.00275482093663912	0.711764705882353	1
"2623A>G"	0.0731215767803164	0.786844835342008	73	0.0176470588235294	0.0160280490859003	1.10101102941176	1
"14518A>G"	0.0675701018982708	0.794908129604542	23	0.00588235294117647	0.00500876533934385	1.17441176470588	1
"601G>A"	0.061065478031934	0.804819765868409	7	0.00196078431372549	0.00150262960180316	1.30490196078431	1
"1787G>A"	0.061065478031934	0.804819765868409	7	0.00196078431372549	0.00150262960180316	1.30490196078431	1
"2174G>A"	0.061065478031934	0.804819765868409	7	0.00196078431372549	0.00150262960180316	1.30490196078431	1
"2627G>A"	0.061065478031934	0.804819765868409	7	0.00196078431372549	0.00150262960180316	1.30490196078431	1
"5979G>A"	0.061065478031934	0.804819765868409	7	0.00196078431372549	0.00150262960180316	1.30490196078431	1
"6955G>A"	0.061065478031934	0.804819765868409	7	0.00196078431372549	0.00150262960180316	1.30490196078431	1
"11351G>A"	0.061065478031934	0.804819765868409	7	0.00196078431372549	0.00150262960180316	1.30490196078431	1
"12476G>A"	0.061065478031934	0.804819765868409	7	0.00196078431372549	0.00150262960180316	1.30490196078431	1
"15200G>A"	0.061065478031934	0.804819765868409	7	0.00196078431372549	0.00150262960180316	1.30490196078431	1
"16065G>A"	0.061065478031934	0.804819765868409	7	0.00196078431372549	0.00150262960180316	1.30490196078431	1
"3243A>T"	0.061065478031934	0.804819765868409	7	0.00196078431372549	0.00150262960180316	1.30490196078431	1
"875T>C"	0.061065478031934	0.804819765868409	7	0.00196078431372549	0.00150262960180316	1.30490196078431	1
"5041T>C"	0.061065478031934	0.804819765868409	7	0.00196078431372549	0.00150262960180316	1.30490196078431	1
"9966G>C"	0.061065478031934	0.804819765868409	7	0.00196078431372549	0.00150262960180316	1.30490196078431	1
"13106T>C"	0.061065478031934	0.804819765868409	7	0.00196078431372549	0.00150262960180316	1.30490196078431	1
"15339T>C"	0.061065478031934	0.804819765868409	7	0.00196078431372549	0.00150262960180316	1.30490196078431	1
"15586T>C"	0.061065478031934	0.804819765868409	7	0.00196078431372549	0.00150262960180316	1.30490196078431	1
"10967A>G"	0.061065478031934	0.804819765868409	7	0.00196078431372549	0.00150262960180316	1.30490196078431	1
"14619A>G"	0.061065478031934	0.804819765868409	7	0.00196078431372549	0.00150262960180316	1.30490196078431	1
"2960T>C"	0.0547057618211549	0.815068335857082	11	0.00196078431372549	0.00250438266967193	0.782941176470588	1
"14769A>G"	0.0547057618211549	0.815068335857082	11	0.00196078431372549	0.00250438266967193	0.782941176470588	1
"3244G>A"	0.0431300488115009	0.835480590008723	83	0.0196078431372549	0.0182819934886051	1.07252215954875	1
"4136A>G"	0.0219660140540063	0.882177546086678	16	0.00392156862745098	0.0035061357375407	1.11848739495798	1
"16519T>C"	0.0207898581876573	0.885352895935003	33	0.00784313725490196	0.00726270974204858	1.07991886409736	1
"103G>A"	0.0175016573120608	0.894751887860312	10	0.00196078431372549	0.00225394440270473	0.869934640522876	1
"16362T>C"	0.0175016573120608	0.894751887860312	10	0.00196078431372549	0.00225394440270473	0.869934640522876	1
"13269A>G"	0.0175016573120608	0.894751887860312	10	0.00196078431372549	0.00225394440270473	0.869934640522876	1
"6779A>G"	0.0120917487956866	0.912439124588149	19	0.00392156862745098	0.00425745053844227	0.921107266435986	1
"1562G>A"	0.0109830070270031	0.916534634881501	8	0.00196078431372549	0.00175306786877035	1.11848739495798	1
"2542G>A"	0.0109830070270031	0.916534634881501	8	0.00196078431372549	0.00175306786877035	1.11848739495798	1
"3438G>A"	0.0109830070270031	0.916534634881501	8	0.00196078431372549	0.00175306786877035	1.11848739495798	1
"4831G>A"	0.0109830070270031	0.916534634881501	8	0.00196078431372549	0.00175306786877035	1.11848739495798	1
"8155G>A"	0.0109830070270031	0.916534634881501	8	0.00196078431372549	0.00175306786877035	1.11848739495798	1
"11586G>A"	0.0109830070270031	0.916534634881501	8	0.00196078431372549	0.00175306786877035	1.11848739495798	1
"11634G>A"	0.0109830070270031	0.916534634881501	8	0.00196078431372549	0.00175306786877035	1.11848739495798	1
"12009G>A"	0.0109830070270031	0.916534634881501	8	0.00196078431372549	0.00175306786877035	1.11848739495798	1
"12736G>A"	0.0109830070270031	0.916534634881501	8	0.00196078431372549	0.00175306786877035	1.11848739495798	1
"15153G>A"	0.0109830070270031	0.916534634881501	8	0.00196078431372549	0.00175306786877035	1.11848739495798	1
"12245T>C"	0.0109830070270031	0.916534634881501	8	0.00196078431372549	0.00175306786877035	1.11848739495798	1
"16068T>C"	0.0109830070270031	0.916534634881501	8	0.00196078431372549	0.00175306786877035	1.11848739495798	1
"9377A>G"	0.0109830070270031	0.916534634881501	8	0.00196078431372549	0.00175306786877035	1.11848739495798	1
"13710A>G"	0.0109830070270031	0.916534634881501	8	0.00196078431372549	0.00175306786877035	1.11848739495798	1
"7389T>C"	0.00123893283834947	0.971921476032525	27	0.00588235294117647	0.00601051840721262	0.978676470588235	1
"15854T>C"	0.00082595522556631	0.977072403357228	18	0.00392156862745098	0.00400701227147508	0.978676470588235	1
"2784A>C"	0.000736414776278654	0.978350493170662	70	0.0156862745098039	0.0155271725519659	1.01024667931689	1
"1452T>C"	0.000412977612783155	0.983786625108012	9	0.00196078431372549	0.00200350613573754	0.978676470588235	1
"7275T>C"	0.000412977612783155	0.983786625108012	9	0.00196078431372549	0.00200350613573754	0.978676470588235	1
"8843T>C"	0.000412977612783155	0.983786625108012	9	0.00196078431372549	0.00200350613573754	0.978676470588235	1
"13322T>C"	0.000412977612783155	0.983786625108012	9	0.00196078431372549	0.00200350613573754	0.978676470588235	1
"16093T>C"	0.000412977612783155	0.983786625108012	9	0.00196078431372549	0.00200350613573754	0.978676470588235	1
"1171A>G"	0.000412977612783155	0.983786625108012	9	0.00196078431372549	0.00200350613573754	0.978676470588235	1
"2163A>G"	0.000412977612783155	0.983786625108012	9	0.00196078431372549	0.00200350613573754	0.978676470588235	1
"3243A>G"	0.000412977612783155	0.983786625108012	9	0.00196078431372549	0.00200350613573754	0.978676470588235	1
